description;date;time;duration_s;frequnecy;min;max;avg
balkon-24h-1h;21-11-2024;22:7:10;60;433920000;0.000787805;0.00201097;0.00113791
balkon-24h-1h;21-11-2024;22:8:25;60;433920000;0.000764295;0.00211523;0.00111323
balkon-24h-1h;21-11-2024;22:9:40;60;433920000;0.000709313;0.00189173;0.000978468
balkon-24h-1h;21-11-2024;22:10:55;60;433920000;0.000697785;0.00194107;0.000965419
balkon-24h-1h;21-11-2024;22:12:10;60;433920000;0.00069884;0.00189169;0.000900481
balkon-24h-1h;21-11-2024;22:13:25;60;433920000;0.000686;0.00190114;0.000910689
balkon-24h-1h;21-11-2024;22:14:40;60;433920000;0.000617609;0.0015299;0.000816615
balkon-24h-1h;21-11-2024;22:15:55;60;433920000;0.000648487;0.00203196;0.000980327
balkon-24h-1h;21-11-2024;22:17:10;60;433920000;0.000677584;0.0021134;0.00105388
balkon-24h-1h;21-11-2024;22:18:25;60;433920000;0.000676164;0.00181199;0.000869128
balkon-24h-1h;21-11-2024;22:19:40;60;433920000;0.000599016;0.00183377;0.00084532
balkon-24h-1h;21-11-2024;22:20:55;60;433920000;0.000583681;0.00325771;0.000773582
balkon-24h-1h;21-11-2024;22:22:10;60;433920000;0.00062024;0.00177419;0.000825313
balkon-24h-1h;21-11-2024;22:23:25;60;433920000;0.000610513;0.00183499;0.000833335
balkon-24h-1h;21-11-2024;22:24:40;60;433920000;0.000601871;0.0059276;0.000938052
balkon-24h-1h;21-11-2024;22:25:55;60;433920000;0.000615925;0.00172332;0.00082869
balkon-24h-1h;21-11-2024;22:27:10;60;433920000;0.000611782;0.00171082;0.000817329
balkon-24h-1h;21-11-2024;22:28:25;60;433920000;0.000601185;0.00186987;0.000812554
balkon-24h-1h;21-11-2024;22:29:40;60;433920000;0.000608204;0.00185464;0.000828333
balkon-24h-1h;21-11-2024;22:30:55;60;433920000;0.000619614;0.00187479;0.000847529
balkon-24h-1h;21-11-2024;22:32:10;60;433920000;0.000604505;0.00183153;0.000830048
balkon-24h-1h;21-11-2024;22:33:25;60;433920000;0.000598067;0.00201188;0.000811823
balkon-24h-1h;21-11-2024;22:34:40;60;433920000;0.000596397;0.00192176;0.000830207
balkon-24h-1h;21-11-2024;22:35:55;60;433920000;0.000559336;0.00187621;0.000805392
balkon-24h-1h;21-11-2024;22:37:10;60;433920000;0.000635261;0.00189527;0.000827446
balkon-24h-1h;21-11-2024;22:38:25;60;433920000;0.000613796;0.00182928;0.00082647
balkon-24h-1h;21-11-2024;22:39:40;60;433920000;0.000567401;0.00165049;0.000784446
balkon-24h-1h;21-11-2024;22:40:55;60;433920000;0.000588076;0.00192143;0.000828585
balkon-24h-1h;21-11-2024;22:42:10;60;433920000;0.000610146;0.00220965;0.000786991
balkon-24h-1h;21-11-2024;22:43:25;60;433920000;0.000589285;0.00158759;0.000789332
balkon-24h-1h;21-11-2024;22:44:40;60;433920000;0.000557956;0.00149681;0.000763138
balkon-24h-1h;21-11-2024;22:45:55;60;433920000;0.000626133;0.00161787;0.00087886
balkon-24h-1h;21-11-2024;22:47:10;60;433920000;0.000658324;0.00166351;0.000866184
balkon-24h-1h;21-11-2024;22:48:25;60;433920000;0.000656071;0.00851773;0.00150927
balkon-24h-1h;21-11-2024;22:49:40;60;433920000;0.00065164;0.00182135;0.000847873
balkon-24h-1h;21-11-2024;22:50:55;60;433920000;0.000651218;0.00173573;0.000822391
balkon-24h-1h;21-11-2024;22:52:10;60;433920000;0.000583298;0.00159582;0.000797648
balkon-24h-1h;21-11-2024;22:53:25;60;433920000;0.000614792;0.00154356;0.000808402
balkon-24h-1h;21-11-2024;22:54:40;60;433920000;0.000612746;0.00150439;0.000778122
balkon-24h-1h;21-11-2024;22:55:55;60;433920000;0.000625568;0.0015109;0.000797305
balkon-24h-1h;21-11-2024;22:57:10;60;433920000;0.00059946;0.00134034;0.000752417
balkon-24h-1h;21-11-2024;22:58:25;60;433920000;0.000620874;0.00146215;0.000808188
balkon-24h-1h;21-11-2024;22:59:40;60;433920000;0.000608327;0.00153947;0.000788116
balkon-24h-1h;21-11-2024;23:0:55;60;433920000;0.000597102;0.0016387;0.000840804
balkon-24h-1h;21-11-2024;23:2:10;60;433920000;0.000599562;0.00155543;0.00080935
balkon-24h-1h;21-11-2024;23:3:25;60;433920000;0.000563291;0.00154194;0.00074539
balkon-24h-1h;21-11-2024;23:4:40;60;433920000;0.000600772;0.00184912;0.000813434
balkon-24h-1h;21-11-2024;23:5:55;60;433920000;0.000624759;0.00183376;0.000788549
balkon-24h-1h;21-11-2024;23:7:10;60;433920000;0.000608173;0.00160362;0.000803143
balkon-24h-1h;21-11-2024;23:8:25;60;433920000;0.00059081;0.00159039;0.000776522
balkon-24h-1h;21-11-2024;23:9:40;60;433920000;0.000563301;0.00146739;0.000756523
balkon-24h-1h;21-11-2024;23:10:55;60;433920000;0.00060994;0.00162209;0.000822922
balkon-24h-1h;21-11-2024;23:12:10;60;433920000;0.000647093;0.00155649;0.000834873
balkon-24h-1h;21-11-2024;23:13:25;60;433920000;0.000634218;0.00161367;0.000817224
balkon-24h-1h;21-11-2024;23:14:40;60;433920000;0.000636817;0.00166265;0.000820943
balkon-24h-1h;21-11-2024;23:15:55;60;433920000;0.000645915;0.00206312;0.000888605
balkon-24h-1h;21-11-2024;23:17:10;60;433920000;0.000649545;0.00165841;0.000825151
balkon-24h-1h;21-11-2024;23:18:25;60;433920000;0.000628591;0.00156929;0.000796539
balkon-24h-1h;21-11-2024;23:19:40;60;433920000;0.000592955;0.00138148;0.000750679
balkon-24h-1h;21-11-2024;23:20:55;60;433920000;0.000593686;0.00153258;0.000781668
balkon-24h-1h;21-11-2024;23:22:10;60;433920000;0.000591943;0.001574;0.000773858
balkon-24h-1h;21-11-2024;23:23:25;60;433920000;0.000580715;0.00181124;0.000790231
balkon-24h-1h;21-11-2024;23:24:40;60;433920000;0.000598302;0.00196609;0.00083023
balkon-24h-1h;21-11-2024;23:25:55;60;433920000;0.000605708;0.00220023;0.000848913
balkon-24h-1h;21-11-2024;23:27:10;60;433920000;0.000608222;0.00194358;0.000844892
balkon-24h-1h;21-11-2024;23:28:25;60;433920000;0.000589749;0.00192285;0.000837566
balkon-24h-1h;21-11-2024;23:29:40;60;433920000;0.00059092;0.002018;0.000812615
balkon-24h-1h;21-11-2024;23:30:55;60;433920000;0.000586059;0.0032888;0.000838242
balkon-24h-1h;21-11-2024;23:32:10;60;433920000;0.000587967;0.00189177;0.000848734
balkon-24h-1h;21-11-2024;23:33:25;60;433920000;0.000588918;0.00196949;0.000876786
balkon-24h-1h;21-11-2024;23:34:40;60;433920000;0.000614034;0.00201051;0.00081361
balkon-24h-1h;21-11-2024;23:35:55;60;433920000;0.000629242;0.00145198;0.000797146
balkon-24h-1h;21-11-2024;23:37:10;60;433920000;0.000623694;0.00150015;0.000765435
balkon-24h-1h;21-11-2024;23:38:25;60;433920000;0.00061868;0.00138139;0.000764612
balkon-24h-1h;21-11-2024;23:39:40;60;433920000;0.000627096;0.00140229;0.00077411
balkon-24h-1h;21-11-2024;23:40:55;60;433920000;0.0005662;0.0014618;0.000748212
balkon-24h-1h;21-11-2024;23:42:10;60;433920000;0.000588735;0.00142478;0.000754268
balkon-24h-1h;21-11-2024;23:43:25;60;433920000;0.000631231;0.00159905;0.000811876
balkon-24h-1h;21-11-2024;23:44:40;60;433920000;0.00063072;0.001587;0.000853348
balkon-24h-1h;21-11-2024;23:45:55;60;433920000;0.000624583;0.00693277;0.00120519
balkon-24h-1h;21-11-2024;23:47:10;60;433920000;0.000609238;0.00200897;0.000898535
balkon-24h-1h;21-11-2024;23:48:25;60;433920000;0.000595532;0.00262602;0.000963781
balkon-24h-1h;21-11-2024;23:49:40;60;433920000;0.000566701;0.00183818;0.000812513
balkon-24h-1h;21-11-2024;23:50:55;60;433920000;0.000578839;0.00168361;0.00080679
balkon-24h-1h;21-11-2024;23:52:10;60;433920000;0.000584117;0.00190368;0.000811767
balkon-24h-1h;21-11-2024;23:53:25;60;433920000;0.000616485;0.00208799;0.00082573
balkon-24h-1h;21-11-2024;23:54:40;60;433920000;0.00060707;0.0220693;0.00152153
balkon-24h-1h;21-11-2024;23:55:55;60;433920000;0.000605422;0.00202476;0.000852091
balkon-24h-1h;21-11-2024;23:57:10;60;433920000;0.000613552;0.00386639;0.000982706
balkon-24h-1h;21-11-2024;23:58:25;60;433920000;0.000604546;0.0022217;0.000833799
balkon-24h-1h;21-11-2024;23:59:40;60;433920000;0.00061552;0.0108176;0.0011452
balkon-24h-1h;22-11-2024;0:0:55;60;433920000;0.000607351;0.00205646;0.000847378
balkon-24h-1h;22-11-2024;0:2:11;60;433920000;0.000604931;0.00198163;0.00088296
balkon-24h-1h;22-11-2024;0:3:26;60;433920000;0.000604511;0.00195767;0.000848286
balkon-24h-1h;22-11-2024;0:4:41;60;433920000;0.000612994;0.0026848;0.000998409
balkon-24h-1h;22-11-2024;0:5:56;60;433920000;0.000597752;0.00293203;0.000927384
balkon-24h-1h;22-11-2024;0:7:11;60;433920000;0.000582523;0.00216136;0.0008085
balkon-24h-1h;22-11-2024;0:8:26;60;433920000;0.000619407;0.0124366;0.00167774
balkon-24h-1h;22-11-2024;0:9:41;60;433920000;0.000608109;0.00164242;0.000792442
balkon-24h-1h;22-11-2024;0:10:56;60;433920000;0.000603476;0.00192195;0.000809093
balkon-24h-1h;22-11-2024;0:12:11;60;433920000;0.000591597;0.00191587;0.000827935
balkon-24h-1h;22-11-2024;0:13:26;60;433920000;0.000619657;0.00256642;0.000886745
balkon-24h-1h;22-11-2024;0:14:41;60;433920000;0.000632535;0.00199018;0.000862029
balkon-24h-1h;22-11-2024;0:15:56;60;433920000;0.000620882;0.00197535;0.000818524
balkon-24h-1h;22-11-2024;0:17:11;60;433920000;0.000631798;0.0019221;0.000855357
balkon-24h-1h;22-11-2024;0:18:26;60;433920000;0.000642005;0.00198645;0.000903692
balkon-24h-1h;22-11-2024;0:19:41;60;433920000;0.000637585;0.00206621;0.000857066
balkon-24h-1h;22-11-2024;0:20:56;60;433920000;0.000632442;0.00201304;0.000859004
balkon-24h-1h;22-11-2024;0:22:11;60;433920000;0.000567474;0.00282963;0.000892156
balkon-24h-1h;22-11-2024;0:23:26;60;433920000;0.000574279;0.00220363;0.000865421
balkon-24h-1h;22-11-2024;0:24:41;60;433920000;0.000599924;0.00161065;0.00079146
balkon-24h-1h;22-11-2024;0:25:56;60;433920000;0.000637843;0.00160538;0.000828214
balkon-24h-1h;22-11-2024;0:27:11;60;433920000;0.000632906;0.00167268;0.000836369
balkon-24h-1h;22-11-2024;0:28:26;60;433920000;0.000607963;0.00205734;0.000838323
balkon-24h-1h;22-11-2024;0:29:41;60;433920000;0.000611203;0.00197726;0.000847264
balkon-24h-1h;22-11-2024;0:30:56;60;433920000;0.00061361;0.00202512;0.00085254
balkon-24h-1h;22-11-2024;0:32:11;60;433920000;0.000596403;0.00198676;0.000832844
balkon-24h-1h;22-11-2024;0:33:26;60;433920000;0.000610376;0.00210865;0.000851405
balkon-24h-1h;22-11-2024;0:34:41;60;433920000;0.000616126;0.00213789;0.000892273
balkon-24h-1h;22-11-2024;0:35:56;60;433920000;0.000619198;0.00217146;0.000892036
balkon-24h-1h;22-11-2024;0:37:11;60;433920000;0.000615694;0.00211572;0.000879708
balkon-24h-1h;22-11-2024;0:38:26;60;433920000;0.000620167;0.00211036;0.000868206
balkon-24h-1h;22-11-2024;0:39:41;60;433920000;0.000616348;0.00204285;0.00088421
balkon-24h-1h;22-11-2024;0:40:56;60;433920000;0.000612351;0.00210893;0.000869342
balkon-24h-1h;22-11-2024;0:42:11;60;433920000;0.000599558;0.00205203;0.000851115
balkon-24h-1h;22-11-2024;0:43:26;60;433920000;0.000602191;0.00208564;0.000870013
balkon-24h-1h;22-11-2024;0:44:41;60;433920000;0.00061732;0.00213505;0.000899471
balkon-24h-1h;22-11-2024;0:45:56;60;433920000;0.000608245;0.00220504;0.000959858
balkon-24h-1h;22-11-2024;0:47:11;60;433920000;0.000572968;0.00216581;0.00085143
balkon-24h-1h;22-11-2024;0:48:26;60;433920000;0.000620092;0.00157135;0.000811976
balkon-24h-1h;22-11-2024;0:49:41;60;433920000;0.00058463;0.00167034;0.000832068
balkon-24h-1h;22-11-2024;0:50:56;60;433920000;0.000611913;0.00168317;0.000851038
balkon-24h-1h;22-11-2024;0:52:11;60;433920000;0.000603792;0.00172148;0.000874526
balkon-24h-1h;22-11-2024;0:53:26;60;433920000;0.000644816;0.0022234;0.000904049
balkon-24h-1h;22-11-2024;0:54:41;60;433920000;0.000643397;0.0022206;0.000982966
balkon-24h-1h;22-11-2024;0:55:56;60;433920000;0.000642625;0.00214044;0.000935899
balkon-24h-1h;22-11-2024;0:57:11;60;433920000;0.000637432;0.002922;0.000971957
balkon-24h-1h;22-11-2024;0:58:26;60;433920000;0.000632524;0.00214946;0.000909613
balkon-24h-1h;22-11-2024;0:59:41;60;433920000;0.000638117;0.00220266;0.00093723
balkon-24h-1h;22-11-2024;1:0:56;60;433920000;0.000647219;0.00225455;0.000951458
balkon-24h-1h;22-11-2024;1:2:11;60;433920000;0.000641119;0.00230328;0.000923133
balkon-24h-1h;22-11-2024;1:3:26;60;433920000;0.000653668;0.00240404;0.000941478
balkon-24h-1h;22-11-2024;1:4:41;60;433920000;0.000646653;0.00228846;0.0009123
balkon-24h-1h;22-11-2024;1:5:56;60;433920000;0.000637515;0.00230154;0.000935271
balkon-24h-1h;22-11-2024;1:7:11;60;433920000;0.000642832;0.00210039;0.000899913
balkon-24h-1h;22-11-2024;1:8:26;60;433920000;0.00063803;0.00215266;0.00090907
balkon-24h-1h;22-11-2024;1:9:41;60;433920000;0.000631054;0.002276;0.000916702
balkon-24h-1h;22-11-2024;1:10:56;60;433920000;0.000621969;0.00211669;0.000910248
balkon-24h-1h;22-11-2024;1:12:11;60;433920000;0.000618096;0.00213256;0.000884422
balkon-24h-1h;22-11-2024;1:13:26;60;433920000;0.000619129;0.00206519;0.000876235
balkon-24h-1h;22-11-2024;1:14:41;60;433920000;0.000631397;0.00213354;0.000902324
balkon-24h-1h;22-11-2024;1:15:56;60;433920000;0.000627993;0.00219433;0.000912815
balkon-24h-1h;22-11-2024;1:17:11;60;433920000;0.000629784;0.00217741;0.000906278
balkon-24h-1h;22-11-2024;1:18:26;60;433920000;0.000628275;0.00221734;0.000912333
balkon-24h-1h;22-11-2024;1:19:41;60;433920000;0.000635821;0.00214232;0.000981705
balkon-24h-1h;22-11-2024;1:20:56;60;433920000;0.000618499;0.00226273;0.000928093
balkon-24h-1h;22-11-2024;1:22:11;60;433920000;0.00062183;0.00211646;0.000934587
balkon-24h-1h;22-11-2024;1:23:26;60;433920000;0.00062387;0.00218755;0.00102783
balkon-24h-1h;22-11-2024;1:24:41;60;433920000;0.000620204;0.00220598;0.0009026
balkon-24h-1h;22-11-2024;1:25:56;60;433920000;0.000613309;0.00208136;0.000919589
balkon-24h-1h;22-11-2024;1:27:11;60;433920000;0.000629966;0.00220097;0.000939901
balkon-24h-1h;22-11-2024;1:28:26;60;433920000;0.000648579;0.0021919;0.00090988
balkon-24h-1h;22-11-2024;1:29:41;60;433920000;0.000647659;0.00217466;0.000922279
balkon-24h-1h;22-11-2024;1:30:56;60;433920000;0.000643531;0.00251858;0.000966469
balkon-24h-1h;22-11-2024;1:32:11;60;433920000;0.000637807;0.00314138;0.00107479
balkon-24h-1h;22-11-2024;1:33:26;60;433920000;0.000647386;0.002211;0.000931013
balkon-24h-1h;22-11-2024;1:34:41;60;433920000;0.000637046;0.00213101;0.000912866
balkon-24h-1h;22-11-2024;1:35:56;60;433920000;0.000633318;0.00215831;0.000892006
balkon-24h-1h;22-11-2024;1:37:11;60;433920000;0.000635468;0.00214282;0.000894365
balkon-24h-1h;22-11-2024;1:38:26;60;433920000;0.00063025;0.00211001;0.00091182
balkon-24h-1h;22-11-2024;1:39:41;60;433920000;0.000630634;0.00279869;0.000905869
balkon-24h-1h;22-11-2024;1:40:56;60;433920000;0.000625594;0.00208796;0.000895024
balkon-24h-1h;22-11-2024;1:42:11;60;433920000;0.000623462;0.00207388;0.000866272
balkon-24h-1h;22-11-2024;1:43:26;60;433920000;0.000623312;0.00204431;0.000884271
balkon-24h-1h;22-11-2024;1:44:41;60;433920000;0.000625343;0.00216659;0.000919757
balkon-24h-1h;22-11-2024;1:45:56;60;433920000;0.000627998;0.0020761;0.000886817
balkon-24h-1h;22-11-2024;1:47:11;60;433920000;0.000625379;0.0021559;0.000876478
balkon-24h-1h;22-11-2024;1:48:26;60;433920000;0.000628702;0.00221842;0.000901638
balkon-24h-1h;22-11-2024;1:49:41;60;433920000;0.000634459;0.00211813;0.000931419
balkon-24h-1h;22-11-2024;1:50:56;60;433920000;0.000624477;0.002175;0.000918813
balkon-24h-1h;22-11-2024;1:52:11;60;433920000;0.000635766;0.00217674;0.000969622
balkon-24h-1h;22-11-2024;1:53:26;60;433920000;0.000637445;0.00224495;0.000901351
balkon-24h-1h;22-11-2024;1:54:41;60;433920000;0.000627525;0.00349705;0.0010445
balkon-24h-1h;22-11-2024;1:55:56;60;433920000;0.000661111;0.0022903;0.000943917
balkon-24h-1h;22-11-2024;1:57:11;60;433920000;0.000662203;0.00218354;0.00093798
balkon-24h-1h;22-11-2024;1:58:26;60;433920000;0.000660525;0.00227662;0.000946577
balkon-24h-1h;22-11-2024;1:59:41;60;433920000;0.000664744;0.0022999;0.000945589
balkon-24h-1h;22-11-2024;2:0:56;60;433920000;0.000653845;0.00227884;0.000935372
balkon-24h-1h;22-11-2024;2:2:11;60;433920000;0.000646923;0.00454097;0.00101087
balkon-24h-1h;22-11-2024;2:3:26;60;433920000;0.000656812;0.00223222;0.000937678
balkon-24h-1h;22-11-2024;2:4:41;60;433920000;0.000662956;0.002272;0.000927744
balkon-24h-1h;22-11-2024;2:5:56;60;433920000;0.000662615;0.00242404;0.000971837
balkon-24h-1h;22-11-2024;2:7:11;60;433920000;0.000659815;0.00221452;0.000944997
balkon-24h-1h;22-11-2024;2:8:26;60;433920000;0.000660467;0.00224366;0.00093291
balkon-24h-1h;22-11-2024;2:9:41;60;433920000;0.000660072;0.00230297;0.000959796
balkon-24h-1h;22-11-2024;2:10:56;60;433920000;0.00065581;0.00225045;0.000946778
balkon-24h-1h;22-11-2024;2:12:11;60;433920000;0.000658515;0.00223195;0.000952869
balkon-24h-1h;22-11-2024;2:13:26;60;433920000;0.000614551;0.00232049;0.00090966
balkon-24h-1h;22-11-2024;2:14:41;60;433920000;0.000623356;0.00249298;0.00101704
balkon-24h-1h;22-11-2024;2:15:56;60;433920000;0.000602943;0.00204348;0.000860488
balkon-24h-1h;22-11-2024;2:17:11;60;433920000;0.00060515;0.00219286;0.000887492
balkon-24h-1h;22-11-2024;2:18:27;60;433920000;0.000599647;0.00236935;0.000956582
balkon-24h-1h;22-11-2024;2:19:42;60;433920000;0.000602296;0.00202395;0.000895112
balkon-24h-1h;22-11-2024;2:20:57;60;433920000;0.000614948;0.00230683;0.000970692
balkon-24h-1h;22-11-2024;2:22:12;60;433920000;0.000655501;0.00256259;0.000971907
balkon-24h-1h;22-11-2024;2:23:27;60;433920000;0.000666254;0.00243421;0.000965776
balkon-24h-1h;22-11-2024;2:24:42;60;433920000;0.00065632;0.00241204;0.000952954
balkon-24h-1h;22-11-2024;2:25:57;60;433920000;0.000651589;0.0024686;0.000935095
balkon-24h-1h;22-11-2024;2:27:12;60;433920000;0.000649997;0.00245215;0.000938676
balkon-24h-1h;22-11-2024;2:28:27;60;433920000;0.000637752;0.00241956;0.000894983
balkon-24h-1h;22-11-2024;2:29:42;60;433920000;0.000644663;0.00241982;0.000941314
balkon-24h-1h;22-11-2024;2:30:57;60;433920000;0.000633725;0.00265041;0.000934792
balkon-24h-1h;22-11-2024;2:32:12;60;433920000;0.000639098;0.00238647;0.000909862
balkon-24h-1h;22-11-2024;2:33:27;60;433920000;0.000645417;0.00239448;0.000921058
balkon-24h-1h;22-11-2024;2:34:42;60;433920000;0.000644497;0.00243144;0.000922401
balkon-24h-1h;22-11-2024;2:35:57;60;433920000;0.000646163;0.0024311;0.000930946
balkon-24h-1h;22-11-2024;2:37:12;60;433920000;0.000641391;0.0023978;0.000939965
balkon-24h-1h;22-11-2024;2:38:27;60;433920000;0.000648249;0.00238252;0.000930898
balkon-24h-1h;22-11-2024;2:39:42;60;433920000;0.000644412;0.00247942;0.000932947
balkon-24h-1h;22-11-2024;2:40:57;60;433920000;0.000630976;0.00239424;0.000918511
balkon-24h-1h;22-11-2024;2:42:12;60;433920000;0.000625588;0.00229696;0.000911072
balkon-24h-1h;22-11-2024;2:43:27;60;433920000;0.000629406;0.00240264;0.0009196
balkon-24h-1h;22-11-2024;2:44:42;60;433920000;0.000635724;0.00232941;0.000924113
balkon-24h-1h;22-11-2024;2:45:57;60;433920000;0.000640478;0.00234525;0.00091013
balkon-24h-1h;22-11-2024;2:47:12;60;433920000;0.00064499;0.00232079;0.000950645
balkon-24h-1h;22-11-2024;2:48:27;60;433920000;0.000642503;0.00247457;0.000942972
balkon-24h-1h;22-11-2024;2:49:42;60;433920000;0.000646912;0.00233476;0.00094381
balkon-24h-1h;22-11-2024;2:50:57;60;433920000;0.000608626;0.00243533;0.000908257
balkon-24h-1h;22-11-2024;2:52:12;60;433920000;0.000613134;0.00216269;0.000894802
balkon-24h-1h;22-11-2024;2:53:27;60;433920000;0.000623563;0.00223109;0.000896239
balkon-24h-1h;22-11-2024;2:54:42;60;433920000;0.000624598;0.00228004;0.0008966
balkon-24h-1h;22-11-2024;2:55:57;60;433920000;0.000618617;0.00218694;0.000884493
balkon-24h-1h;22-11-2024;2:57:12;60;433920000;0.000626502;0.00229293;0.000867098
balkon-24h-1h;22-11-2024;2:58:27;60;433920000;0.000621755;0.00235468;0.0008644
balkon-24h-1h;22-11-2024;2:59:42;60;433920000;0.000630247;0.00349717;0.000904324
balkon-24h-1h;22-11-2024;3:0:57;60;433920000;0.00061564;0.00227299;0.000886448
balkon-24h-1h;22-11-2024;3:2:12;60;433920000;0.000617669;0.00240762;0.00088349
balkon-24h-1h;22-11-2024;3:3:27;60;433920000;0.000630244;0.00220824;0.000886771
balkon-24h-1h;22-11-2024;3:4:42;60;433920000;0.000631875;0.00233565;0.000930799
balkon-24h-1h;22-11-2024;3:5:57;60;433920000;0.000626423;0.00238273;0.000921397
balkon-24h-1h;22-11-2024;3:7:12;60;433920000;0.000622324;0.00251636;0.000925573
balkon-24h-1h;22-11-2024;3:8:27;60;433920000;0.000628929;0.00225622;0.000911244
balkon-24h-1h;22-11-2024;3:9:42;60;433920000;0.00063822;0.00253343;0.000940434
balkon-24h-1h;22-11-2024;3:10:57;60;433920000;0.000620385;0.00225583;0.000902712
balkon-24h-1h;22-11-2024;3:12:12;60;433920000;0.000620891;0.00236814;0.000924781
balkon-24h-1h;22-11-2024;3:13:27;60;433920000;0.000636515;0.0022733;0.000888846
balkon-24h-1h;22-11-2024;3:14:42;60;433920000;0.000628324;0.00230706;0.000894919
balkon-24h-1h;22-11-2024;3:15:57;60;433920000;0.000631346;0.00237207;0.0009007
balkon-24h-1h;22-11-2024;3:17:12;60;433920000;0.000628094;0.00227536;0.000865506
balkon-24h-1h;22-11-2024;3:18:27;60;433920000;0.00062943;0.00227484;0.000884279
balkon-24h-1h;22-11-2024;3:19:42;60;433920000;0.000631845;0.00217355;0.000882803
balkon-24h-1h;22-11-2024;3:20:57;60;433920000;0.000612789;0.00226622;0.00092226
balkon-24h-1h;22-11-2024;3:22:12;60;433920000;0.000612628;0.00218904;0.000863804
balkon-24h-1h;22-11-2024;3:23:27;60;433920000;0.000627236;0.00225652;0.000870988
balkon-24h-1h;22-11-2024;3:24:42;60;433920000;0.000625858;0.00212335;0.000876433
balkon-24h-1h;22-11-2024;3:25:57;60;433920000;0.000620736;0.00233523;0.000885498
balkon-24h-1h;22-11-2024;3:27:12;60;433920000;0.000624965;0.00225707;0.000910934
balkon-24h-1h;22-11-2024;3:28:27;60;433920000;0.000638863;0.00218868;0.000897608
balkon-24h-1h;22-11-2024;3:29:42;60;433920000;0.000651852;0.00224774;0.00090834
balkon-24h-1h;22-11-2024;3:30:57;60;433920000;0.00064069;0.0021907;0.000903827
balkon-24h-1h;22-11-2024;3:32:12;60;433920000;0.000639009;0.00226195;0.000897245
balkon-24h-1h;22-11-2024;3:33:27;60;433920000;0.000649401;0.00226108;0.000896747
balkon-24h-1h;22-11-2024;3:34:42;60;433920000;0.000651548;0.00236317;0.000928287
balkon-24h-1h;22-11-2024;3:35:57;60;433920000;0.00065073;0.00224591;0.000900568
balkon-24h-1h;22-11-2024;3:37:12;60;433920000;0.000652819;0.00224156;0.000898693
balkon-24h-1h;22-11-2024;3:38:27;60;433920000;0.000635582;0.00222848;0.000897989
balkon-24h-1h;22-11-2024;3:39:42;60;433920000;0.000645759;0.00230162;0.000918953
balkon-24h-1h;22-11-2024;3:40:57;60;433920000;0.000632988;0.00224169;0.000898613
balkon-24h-1h;22-11-2024;3:42:12;60;433920000;0.000634732;0.00235805;0.000902059
balkon-24h-1h;22-11-2024;3:43:27;60;433920000;0.000639153;0.00240028;0.000906497
balkon-24h-1h;22-11-2024;3:44:42;60;433920000;0.000635999;0.00260453;0.000900233
balkon-24h-1h;22-11-2024;3:45:57;60;433920000;0.000620541;0.00227988;0.000891684
balkon-24h-1h;22-11-2024;3:47:12;60;433920000;0.000624945;0.00223246;0.000888869
balkon-24h-1h;22-11-2024;3:48:27;60;433920000;0.000627188;0.0023742;0.000889538
balkon-24h-1h;22-11-2024;3:49:42;60;433920000;0.000626331;0.00226017;0.000897089
balkon-24h-1h;22-11-2024;3:50:57;60;433920000;0.0006174;0.00238512;0.000928379
balkon-24h-1h;22-11-2024;3:52:12;60;433920000;0.000621919;0.00232345;0.00087778
balkon-24h-1h;22-11-2024;3:53:27;60;433920000;0.000629922;0.00229712;0.000908362
balkon-24h-1h;22-11-2024;3:54:42;60;433920000;0.000629474;0.00223317;0.000894981
balkon-24h-1h;22-11-2024;3:55:57;60;433920000;0.000627196;0.00224001;0.000888771
balkon-24h-1h;22-11-2024;3:57:12;60;433920000;0.000633726;0.00230619;0.000888793
balkon-24h-1h;22-11-2024;3:58:27;60;433920000;0.000633843;0.00231925;0.000893095
balkon-24h-1h;22-11-2024;3:59:42;60;433920000;0.000642966;0.00231933;0.000904279
balkon-24h-1h;22-11-2024;4:0:57;60;433920000;0.000628541;0.00227512;0.000898017
balkon-24h-1h;22-11-2024;4:2:12;60;433920000;0.000633563;0.00234342;0.000882399
balkon-24h-1h;22-11-2024;4:3:27;60;433920000;0.000640662;0.00226983;0.000880977
balkon-24h-1h;22-11-2024;4:4:42;60;433920000;0.000643538;0.00233983;0.000897315
balkon-24h-1h;22-11-2024;4:5:57;60;433920000;0.000639678;0.00236046;0.000957546
balkon-24h-1h;22-11-2024;4:7:12;60;433920000;0.000644061;0.00243408;0.000925937
balkon-24h-1h;22-11-2024;4:8:27;60;433920000;0.000636254;0.00229634;0.00089512
balkon-24h-1h;22-11-2024;4:9:42;60;433920000;0.000633325;0.00227573;0.000886898
balkon-24h-1h;22-11-2024;4:10:57;60;433920000;0.000620567;0.00230283;0.000898953
balkon-24h-1h;22-11-2024;4:12:12;60;433920000;0.000631872;0.00231469;0.000886202
balkon-24h-1h;22-11-2024;4:13:27;60;433920000;0.000644271;0.00228821;0.00090224
balkon-24h-1h;22-11-2024;4:14:42;60;433920000;0.000642416;0.00247806;0.000895383
balkon-24h-1h;22-11-2024;4:15:57;60;433920000;0.000639035;0.00232333;0.000908556
balkon-24h-1h;22-11-2024;4:17:12;60;433920000;0.000637737;0.00227376;0.000886874
balkon-24h-1h;22-11-2024;4:18:27;60;433920000;0.000631804;0.0022098;0.000893682
balkon-24h-1h;22-11-2024;4:19:42;60;433920000;0.000631633;0.00221048;0.000883317
balkon-24h-1h;22-11-2024;4:20:57;60;433920000;0.000626165;0.00227963;0.00086679
balkon-24h-1h;22-11-2024;4:22:12;60;433920000;0.000603224;0.00225734;0.000866617
balkon-24h-1h;22-11-2024;4:23:27;60;433920000;0.00062456;0.00234928;0.000882587
balkon-24h-1h;22-11-2024;4:24:42;60;433920000;0.000628792;0.00225143;0.000875875
balkon-24h-1h;22-11-2024;4:25:57;60;433920000;0.000625896;0.00225805;0.000881003
balkon-24h-1h;22-11-2024;4:27:12;60;433920000;0.000635962;0.00239056;0.000895301
balkon-24h-1h;22-11-2024;4:28:27;60;433920000;0.000635771;0.00244907;0.000873229
balkon-24h-1h;22-11-2024;4:29:42;60;433920000;0.000635091;0.00287245;0.000886917
balkon-24h-1h;22-11-2024;4:30:57;60;433920000;0.000627994;0.0023047;0.000901425
balkon-24h-1h;22-11-2024;4:32:12;60;433920000;0.000632697;0.00227883;0.000916604
balkon-24h-1h;22-11-2024;4:33:27;60;433920000;0.000639323;0.00233147;0.000903497
balkon-24h-1h;22-11-2024;4:34:42;60;433920000;0.00065877;0.00228654;0.000938705
balkon-24h-1h;22-11-2024;4:35:58;60;433920000;0.000665108;0.00241522;0.000926079
balkon-24h-1h;22-11-2024;4:37:13;60;433920000;0.000664319;0.00228441;0.000934648
balkon-24h-1h;22-11-2024;4:38:28;60;433920000;0.000657069;0.00231658;0.000955757
balkon-24h-1h;22-11-2024;4:39:43;60;433920000;0.000659388;0.00229834;0.000945794
balkon-24h-1h;22-11-2024;4:40:58;60;433920000;0.000644566;0.00239937;0.000925153
balkon-24h-1h;22-11-2024;4:42:13;60;433920000;0.000655951;0.00250844;0.000956063
balkon-24h-1h;22-11-2024;4:43:28;60;433920000;0.000658485;0.00235593;0.000931286
balkon-24h-1h;22-11-2024;4:44:43;60;433920000;0.000655385;0.00242791;0.000927432
balkon-24h-1h;22-11-2024;4:45:58;60;433920000;0.000653624;0.00228815;0.000943185
balkon-24h-1h;22-11-2024;4:47:13;60;433920000;0.000653565;0.0023649;0.000910604
balkon-24h-1h;22-11-2024;4:48:28;60;433920000;0.000657862;0.00260943;0.000914253
balkon-24h-1h;22-11-2024;4:49:43;60;433920000;0.000647229;0.0024181;0.000929557
balkon-24h-1h;22-11-2024;4:50:58;60;433920000;0.000637361;0.00231426;0.000917538
balkon-24h-1h;22-11-2024;4:52:13;60;433920000;0.000653205;0.00241858;0.000918158
balkon-24h-1h;22-11-2024;4:53:28;60;433920000;0.000652421;0.00227131;0.000930893
balkon-24h-1h;22-11-2024;4:54:43;60;433920000;0.000649522;0.00239801;0.000927363
balkon-24h-1h;22-11-2024;4:55:58;60;433920000;0.000657861;0.0024593;0.000979814
balkon-24h-1h;22-11-2024;4:57:13;60;433920000;0.000651344;0.0023383;0.000933566
balkon-24h-1h;22-11-2024;4:58:28;60;433920000;0.000649158;0.00232713;0.000912965
balkon-24h-1h;22-11-2024;4:59:43;60;433920000;0.000649348;0.00240086;0.000910701
balkon-24h-1h;22-11-2024;5:0:58;60;433920000;0.000643123;0.00232041;0.000893686
balkon-24h-1h;22-11-2024;5:2:13;60;433920000;0.000655164;0.00227608;0.000922095
balkon-24h-1h;22-11-2024;5:3:28;60;433920000;0.000659747;0.00226048;0.000936245
balkon-24h-1h;22-11-2024;5:4:43;60;433920000;0.000664731;0.00232014;0.000942811
balkon-24h-1h;22-11-2024;5:5:58;60;433920000;0.000661781;0.00247574;0.000928087
balkon-24h-1h;22-11-2024;5:7:13;60;433920000;0.000659197;0.00234075;0.000935058
balkon-24h-1h;22-11-2024;5:8:28;60;433920000;0.000639403;0.00238021;0.000940077
balkon-24h-1h;22-11-2024;5:9:43;60;433920000;0.000635097;0.00242781;0.000939873
balkon-24h-1h;22-11-2024;5:10:58;60;433920000;0.000636589;0.00235655;0.000927977
balkon-24h-1h;22-11-2024;5:12:13;60;433920000;0.000647937;0.0023423;0.000937454
balkon-24h-1h;22-11-2024;5:13:28;60;433920000;0.000644949;0.00235295;0.000922862
balkon-24h-1h;22-11-2024;5:14:43;60;433920000;0.000648924;0.00239275;0.000933755
balkon-24h-1h;22-11-2024;5:15:58;60;433920000;0.000650439;0.00232887;0.000945566
balkon-24h-1h;22-11-2024;5:17:13;60;433920000;0.000648913;0.00257523;0.000919207
balkon-24h-1h;22-11-2024;5:18:28;60;433920000;0.000654392;0.0324008;0.00307333
balkon-24h-1h;22-11-2024;5:19:43;60;433920000;0.000643269;0.00416849;0.000986962
balkon-24h-1h;22-11-2024;5:20:58;60;433920000;0.00063978;0.00248897;0.000902906
balkon-24h-1h;22-11-2024;5:22:13;60;433920000;0.000654044;0.0220176;0.00151697
balkon-24h-1h;22-11-2024;5:23:28;60;433920000;0.000636177;0.00226748;0.000927649
balkon-24h-1h;22-11-2024;5:24:43;60;433920000;0.000599944;0.00241745;0.000891604
balkon-24h-1h;22-11-2024;5:25:58;60;433920000;0.000610121;0.00309597;0.00100827
balkon-24h-1h;22-11-2024;5:27:13;60;433920000;0.000652784;0.00244003;0.00091969
balkon-24h-1h;22-11-2024;5:28:28;60;433920000;0.000654161;0.00231912;0.000913892
balkon-24h-1h;22-11-2024;5:29:43;60;433920000;0.000651105;0.0023504;0.000911282
balkon-24h-1h;22-11-2024;5:30:58;60;433920000;0.000644576;0.0023531;0.000920948
balkon-24h-1h;22-11-2024;5:32:13;60;433920000;0.000644298;0.00232798;0.000917443
balkon-24h-1h;22-11-2024;5:33:28;60;433920000;0.000647367;0.00240876;0.000939748
balkon-24h-1h;22-11-2024;5:34:43;60;433920000;0.000649998;0.00246545;0.00093424
balkon-24h-1h;22-11-2024;5:35:58;60;433920000;0.000643948;0.00241383;0.000940788
balkon-24h-1h;22-11-2024;5:37:13;60;433920000;0.000643907;0.00262668;0.000945888
balkon-24h-1h;22-11-2024;5:38:28;60;433920000;0.000650492;0.00248971;0.000940159
balkon-24h-1h;22-11-2024;5:39:43;60;433920000;0.000623529;0.00228695;0.000936343
balkon-24h-1h;22-11-2024;5:40:58;60;433920000;0.000627352;0.0023272;0.000908048
balkon-24h-1h;22-11-2024;5:42:13;60;433920000;0.000642568;0.00236704;0.000911189
balkon-24h-1h;22-11-2024;5:43:28;60;433920000;0.000646325;0.00233415;0.00097405
balkon-24h-1h;22-11-2024;5:44:43;60;433920000;0.000648447;0.00245401;0.000942849
balkon-24h-1h;22-11-2024;5:45:58;60;433920000;0.000647622;0.0024734;0.000975838
balkon-24h-1h;22-11-2024;5:47:13;60;433920000;0.000635573;0.00430338;0.00108511
balkon-24h-1h;22-11-2024;5:48:28;60;433920000;0.000649105;0.00253989;0.000921819
balkon-24h-1h;22-11-2024;5:49:43;60;433920000;0.00064037;0.00234024;0.000923738
balkon-24h-1h;22-11-2024;5:50:58;60;433920000;0.00064053;0.0052033;0.00125593
balkon-24h-1h;22-11-2024;5:52:13;60;433920000;0.000648365;0.004322;0.00102737
balkon-24h-1h;22-11-2024;5:53:28;60;433920000;0.000647336;0.010616;0.0013445
balkon-24h-1h;22-11-2024;5:54:43;60;433920000;0.000631174;0.00233879;0.000927293
balkon-24h-1h;22-11-2024;5:55:58;60;433920000;0.000641251;0.00228785;0.000910022
balkon-24h-1h;22-11-2024;5:57:13;60;433920000;0.000593517;0.00229225;0.000914339
balkon-24h-1h;22-11-2024;5:58:28;60;433920000;0.000613999;0.00531886;0.0011058
balkon-24h-1h;22-11-2024;5:59:43;60;433920000;0.000633313;0.00237761;0.000914632
balkon-24h-1h;22-11-2024;6:0:58;60;433920000;0.000593733;0.00230174;0.000934975
balkon-24h-1h;22-11-2024;6:2:13;60;433920000;0.000642051;0.00231426;0.000906508
balkon-24h-1h;22-11-2024;6:3:28;60;433920000;0.000631575;0.00233278;0.00088962
balkon-24h-1h;22-11-2024;6:4:43;60;433920000;0.000643343;0.00233936;0.000906448
balkon-24h-1h;22-11-2024;6:5:58;60;433920000;0.0006425;0.0371246;0.00413383
balkon-24h-1h;22-11-2024;6:7:13;60;433920000;0.000642913;0.00723506;0.00114829
balkon-24h-1h;22-11-2024;6:8:28;60;433920000;0.000636368;0.00390202;0.000976762
balkon-24h-1h;22-11-2024;6:9:43;60;433920000;0.000634464;0.00217938;0.000913083
balkon-24h-1h;22-11-2024;6:10:58;60;433920000;0.000631514;0.00230257;0.000937577
balkon-24h-1h;22-11-2024;6:12:13;60;433920000;0.000634396;0.00336264;0.00111979
balkon-24h-1h;22-11-2024;6:13:28;60;433920000;0.000649944;0.00229115;0.000964108
balkon-24h-1h;22-11-2024;6:14:43;60;433920000;0.000655071;0.0025106;0.0009568
balkon-24h-1h;22-11-2024;6:15:58;60;433920000;0.000655262;0.0171087;0.00190933
balkon-24h-1h;22-11-2024;6:17:13;60;433920000;0.000649051;0.00955433;0.00115646
balkon-24h-1h;22-11-2024;6:18:28;60;433920000;0.000639835;0.00234704;0.000875287
balkon-24h-1h;22-11-2024;6:19:43;60;433920000;0.000696357;0.00717956;0.00116508
balkon-24h-1h;22-11-2024;6:20:58;60;433920000;0.000713358;0.00256504;0.00101017
balkon-24h-1h;22-11-2024;6:22:13;60;433920000;0.000632109;0.00248579;0.000967111
balkon-24h-1h;22-11-2024;6:23:28;60;433920000;0.000673918;0.00235809;0.000990899
balkon-24h-1h;22-11-2024;6:24:43;60;433920000;0.000694786;0.00404301;0.00103351
balkon-24h-1h;22-11-2024;6:25:58;60;433920000;0.000686166;0.0234086;0.00192906
balkon-24h-1h;22-11-2024;6:27:13;60;433920000;0.000647918;0.00297568;0.00105648
balkon-24h-1h;22-11-2024;6:28:28;60;433920000;0.000669354;0.0201827;0.0018345
balkon-24h-1h;22-11-2024;6:29:43;60;433920000;0.0006618;0.00233208;0.000992164
balkon-24h-1h;22-11-2024;6:30:58;60;433920000;0.000639716;0.00234379;0.000967255
balkon-24h-1h;22-11-2024;6:32:13;60;433920000;0.000636533;0.00297367;0.000965757
balkon-24h-1h;22-11-2024;6:33:28;60;433920000;0.00064064;0.00852627;0.00118416
balkon-24h-1h;22-11-2024;6:34:43;60;433920000;0.00063423;0.002408;0.000943117
balkon-24h-1h;22-11-2024;6:35:58;60;433920000;0.000629469;0.00226614;0.000915324
balkon-24h-1h;22-11-2024;6:37:13;60;433920000;0.000617909;0.00226395;0.000889709
balkon-24h-1h;22-11-2024;6:38:28;60;433920000;0.000632107;0.0024214;0.000917698
balkon-24h-1h;22-11-2024;6:39:43;60;433920000;0.000640417;0.00241138;0.000914513
balkon-24h-1h;22-11-2024;6:40:58;60;433920000;0.000624536;0.00233274;0.000933178
balkon-24h-1h;22-11-2024;6:42:13;60;433920000;0.000641866;0.00251836;0.000947994
balkon-24h-1h;22-11-2024;6:43:28;60;433920000;0.000658371;0.00238189;0.000961658
balkon-24h-1h;22-11-2024;6:44:43;60;433920000;0.000698735;0.00434507;0.00108877
balkon-24h-1h;22-11-2024;6:45:58;60;433920000;0.000688964;0.0025541;0.000971971
balkon-24h-1h;22-11-2024;6:47:13;60;433920000;0.00067486;0.0037;0.00100527
balkon-24h-1h;22-11-2024;6:48:28;60;433920000;0.000673822;0.0186557;0.00249119
balkon-24h-1h;22-11-2024;6:49:43;60;433920000;0.000669455;0.00238506;0.000931412
balkon-24h-1h;22-11-2024;6:50:58;60;433920000;0.000690702;0.00273872;0.0011925
balkon-24h-1h;22-11-2024;6:52:13;60;433920000;0.00093317;0.00285881;0.00122498
balkon-24h-1h;22-11-2024;6:53:29;60;433920000;0.000928387;0.00899875;0.00166896
balkon-24h-1h;22-11-2024;6:54:44;60;433920000;0.000894727;0.00275336;0.0011693
balkon-24h-1h;22-11-2024;6:55:59;60;433920000;0.000899893;0.00268309;0.00116222
balkon-24h-1h;22-11-2024;6:57:14;60;433920000;0.000879591;0.00279116;0.0011885
balkon-24h-1h;22-11-2024;6:58:29;60;433920000;0.000802184;0.00273597;0.00114165
balkon-24h-1h;22-11-2024;6:59:44;60;433920000;0.000879427;0.00276559;0.00120415
balkon-24h-1h;22-11-2024;7:0:59;60;433920000;0.000786993;0.00288427;0.00119448
balkon-24h-1h;22-11-2024;7:2:14;60;433920000;0.000864583;0.00337668;0.00116432
balkon-24h-1h;22-11-2024;7:3:29;60;433920000;0.000792057;0.00287552;0.00116845
balkon-24h-1h;22-11-2024;7:4:44;60;433920000;0.000822109;0.00275441;0.00118847
balkon-24h-1h;22-11-2024;7:5:59;60;433920000;0.000878086;0.00293519;0.00117678
balkon-24h-1h;22-11-2024;7:7:14;60;433920000;0.00085007;0.00281792;0.00117642
balkon-24h-1h;22-11-2024;7:8:29;60;433920000;0.00084723;0.00304492;0.00118752
balkon-24h-1h;22-11-2024;7:9:44;60;433920000;0.000767735;0.00283579;0.00117811
balkon-24h-1h;22-11-2024;7:10:59;60;433920000;0.000818055;0.00285657;0.00116448
balkon-24h-1h;22-11-2024;7:12:14;60;433920000;0.00082029;0.00294005;0.00115167
balkon-24h-1h;22-11-2024;7:13:29;60;433920000;0.000840479;0.00283804;0.00116661
balkon-24h-1h;22-11-2024;7:14:44;60;433920000;0.000789199;0.00269669;0.0011612
balkon-24h-1h;22-11-2024;7:15:59;60;433920000;0.000786094;0.00288142;0.00115491
balkon-24h-1h;22-11-2024;7:17:14;60;433920000;0.000849079;0.00284811;0.00118934
balkon-24h-1h;22-11-2024;7:18:29;60;433920000;0.000819829;0.0029767;0.00114287
balkon-24h-1h;22-11-2024;7:19:44;60;433920000;0.000767259;0.00274103;0.00112873
balkon-24h-1h;22-11-2024;7:20:59;60;433920000;0.000785996;0.00259443;0.00107605
balkon-24h-1h;22-11-2024;7:22:14;60;433920000;0.000795553;0.00506715;0.00128865
balkon-24h-1h;22-11-2024;7:23:29;60;433920000;0.000791152;0.00245948;0.00107251
balkon-24h-1h;22-11-2024;7:24:44;60;433920000;0.000788401;0.00237356;0.00107758
balkon-24h-1h;22-11-2024;7:25:59;60;433920000;0.00077593;0.0031651;0.00104851
balkon-24h-1h;22-11-2024;7:27:14;60;433920000;0.000780859;0.00247973;0.00105778
balkon-24h-1h;22-11-2024;7:28:29;60;433920000;0.000803717;0.00243536;0.00109071
balkon-24h-1h;22-11-2024;7:29:44;60;433920000;0.000815654;0.0062087;0.00147759
balkon-24h-1h;22-11-2024;7:30:59;60;433920000;0.000789496;0.00265747;0.0011486
balkon-24h-1h;22-11-2024;7:32:14;60;433920000;0.000803983;0.00257152;0.00113888
balkon-24h-1h;22-11-2024;7:33:29;60;433920000;0.000795437;0.00255948;0.00111333
balkon-24h-1h;22-11-2024;7:34:44;60;433920000;0.00076257;0.00262647;0.00106734
balkon-24h-1h;22-11-2024;7:35:59;60;433920000;0.000780335;0.00579478;0.00132224
balkon-24h-1h;22-11-2024;7:37:14;60;433920000;0.000742416;0.00555511;0.00117485
balkon-24h-1h;22-11-2024;7:38:29;60;433920000;0.000717215;0.0177974;0.00163546
balkon-24h-1h;22-11-2024;7:39:44;60;433920000;0.000794395;0.00260135;0.00111512
balkon-24h-1h;22-11-2024;7:40:59;60;433920000;0.000750753;0.0027825;0.00114506
balkon-24h-1h;22-11-2024;7:42:14;60;433920000;0.000756835;0.00282844;0.00106166
balkon-24h-1h;22-11-2024;7:43:29;60;433920000;0.000758687;0.00242897;0.00109881
balkon-24h-1h;22-11-2024;7:44:44;60;433920000;0.000708788;0.00597338;0.00116662
balkon-24h-1h;22-11-2024;7:45:59;60;433920000;0.000712718;0.00252232;0.00106474
balkon-24h-1h;22-11-2024;7:47:14;60;433920000;0.000719261;0.00257688;0.00102912
balkon-24h-1h;22-11-2024;7:48:29;60;433920000;0.000707496;0.00262719;0.00109263
balkon-24h-1h;22-11-2024;7:49:44;60;433920000;0.000676251;0.00270941;0.00101886
balkon-24h-1h;22-11-2024;7:50:59;60;433920000;0.000701658;0.00235448;0.00100533
balkon-24h-1h;22-11-2024;7:52:14;60;433920000;0.000735981;0.00227381;0.000972545
balkon-24h-1h;22-11-2024;7:53:29;60;433920000;0.000740823;0.00233582;0.000999603
balkon-24h-1h;22-11-2024;7:54:44;60;433920000;0.000729046;0.00248299;0.0010316
balkon-24h-1h;22-11-2024;7:55:59;60;433920000;0.000728675;0.00228558;0.00100808
balkon-24h-1h;22-11-2024;7:57:14;60;433920000;0.00074765;0.00228043;0.00101248
balkon-24h-1h;22-11-2024;7:58:29;60;433920000;0.000745713;0.00243332;0.00106327
balkon-24h-1h;22-11-2024;7:59:44;60;433920000;0.000713441;0.00240983;0.00104317
balkon-24h-1h;22-11-2024;8:0:59;60;433920000;0.000705279;0.00243104;0.00107226
balkon-24h-1h;22-11-2024;8:2:14;60;433920000;0.000741389;0.00338732;0.00115546
balkon-24h-1h;22-11-2024;8:3:29;60;433920000;0.000720505;0.0025022;0.00108306
balkon-24h-1h;22-11-2024;8:4:44;60;433920000;0.000753039;0.00231819;0.00103312
balkon-24h-1h;22-11-2024;8:5:59;60;433920000;0.000734927;0.0487712;0.00600459
balkon-24h-1h;22-11-2024;8:7:14;60;433920000;0.000771897;0.00251607;0.00106851
balkon-24h-1h;22-11-2024;8:8:29;60;433920000;0.00063369;0.00331487;0.00114358
balkon-24h-1h;22-11-2024;8:9:44;60;433920000;0.000619141;0.00225742;0.000925173
balkon-24h-1h;22-11-2024;8:10:59;60;433920000;0.000612774;0.00222479;0.00089809
balkon-24h-1h;22-11-2024;8:12:14;60;433920000;0.000612759;0.00281689;0.000996035
balkon-24h-1h;22-11-2024;8:13:29;60;433920000;0.000637097;0.00213335;0.000934045
balkon-24h-1h;22-11-2024;8:14:44;60;433920000;0.000609269;0.00239053;0.000925803
balkon-24h-1h;22-11-2024;8:15:59;60;433920000;0.000625899;0.00230601;0.000949731
balkon-24h-1h;22-11-2024;8:17:14;60;433920000;0.000639017;0.00255894;0.000972268
balkon-24h-1h;22-11-2024;8:18:29;60;433920000;0.000671004;0.0043122;0.00107078
balkon-24h-1h;22-11-2024;8:19:44;60;433920000;0.000657925;0.00322709;0.00103275
balkon-24h-1h;22-11-2024;8:20:59;60;433920000;0.000628939;0.00232137;0.00097018
balkon-24h-1h;22-11-2024;8:22:14;60;433920000;0.000643444;0.00225181;0.000957335
balkon-24h-1h;22-11-2024;8:23:29;60;433920000;0.000604383;0.00230732;0.000932428
balkon-24h-1h;22-11-2024;8:24:44;60;433920000;0.000623068;0.00229504;0.000964273
balkon-24h-1h;22-11-2024;8:25:59;60;433920000;0.00059503;0.00242335;0.000949246
balkon-24h-1h;22-11-2024;8:27:14;60;433920000;0.000623388;0.00240612;0.000936642
balkon-24h-1h;22-11-2024;8:28:29;60;433920000;0.000607484;0.00254745;0.000991281
balkon-24h-1h;22-11-2024;8:29:44;60;433920000;0.000614953;0.00232558;0.000937373
balkon-24h-1h;22-11-2024;8:30:59;60;433920000;0.00054987;0.00217209;0.000851233
balkon-24h-1h;22-11-2024;8:32:14;60;433920000;0.000546508;0.00217983;0.000855077
balkon-24h-1h;22-11-2024;8:33:29;60;433920000;0.000551096;0.00225103;0.000900473
balkon-24h-1h;22-11-2024;8:34:44;60;433920000;0.000567802;0.00272343;0.00108066
balkon-24h-1h;22-11-2024;8:35:59;60;433920000;0.000540345;0.00255204;0.000927028
balkon-24h-1h;22-11-2024;8:37:14;60;433920000;0.000596266;0.00242249;0.000862805
balkon-24h-1h;22-11-2024;8:38:29;60;433920000;0.000527187;0.00232039;0.000883524
balkon-24h-1h;22-11-2024;8:39:44;60;433920000;0.00059045;0.00230764;0.000907825
balkon-24h-1h;22-11-2024;8:40:59;60;433920000;0.000575998;0.00232234;0.000976993
balkon-24h-1h;22-11-2024;8:42:14;60;433920000;0.0006435;0.00467254;0.00106586
balkon-24h-1h;22-11-2024;8:43:29;60;433920000;0.000535042;0.0266597;0.00177567
balkon-24h-1h;22-11-2024;8:44:44;60;433920000;0.000553149;0.00203714;0.00086551
balkon-24h-1h;22-11-2024;8:45:59;60;433920000;0.00058812;0.0213439;0.00178267
balkon-24h-1h;22-11-2024;8:47:14;60;433920000;0.000555933;0.0560741;0.00258353
balkon-24h-1h;22-11-2024;8:48:29;60;433920000;0.000572903;0.00281543;0.000921004
balkon-24h-1h;22-11-2024;8:49:44;60;433920000;0.000565266;0.0022008;0.00092653
balkon-24h-1h;22-11-2024;8:50:59;60;433920000;0.0006453;0.00256381;0.000985714
balkon-24h-1h;22-11-2024;8:52:14;60;433920000;0.000647546;0.00193202;0.000873277
balkon-24h-1h;22-11-2024;8:53:29;60;433920000;0.000614442;0.00212292;0.000884114
balkon-24h-1h;22-11-2024;8:54:44;60;433920000;0.000607811;0.00208583;0.000901809
balkon-24h-1h;22-11-2024;8:55:59;60;433920000;0.000589621;0.00216387;0.000900588
balkon-24h-1h;22-11-2024;8:57:14;60;433920000;0.000601137;0.00212453;0.00086276
balkon-24h-1h;22-11-2024;8:58:29;60;433920000;0.000564796;0.00204059;0.000859944
balkon-24h-1h;22-11-2024;8:59:44;60;433920000;0.000552888;0.00196327;0.000839865
balkon-24h-1h;22-11-2024;9:0:59;60;433920000;0.000636645;0.00221177;0.000862233
balkon-24h-1h;22-11-2024;9:2:14;60;433920000;0.000634573;0.00227043;0.00088194
balkon-24h-1h;22-11-2024;9:3:29;60;433920000;0.00062916;0.00222136;0.000922328
balkon-24h-1h;22-11-2024;9:4:44;60;433920000;0.000612681;0.00205232;0.000852961
balkon-24h-1h;22-11-2024;9:5:59;60;433920000;0.000550465;0.00226611;0.000849467
balkon-24h-1h;22-11-2024;9:7:14;60;433920000;0.000547323;0.00216651;0.000824412
balkon-24h-1h;22-11-2024;9:8:29;60;433920000;0.000615034;0.00222855;0.000873731
balkon-24h-1h;22-11-2024;9:9:45;60;433920000;0.000591181;0.00221637;0.000894223
balkon-24h-1h;22-11-2024;9:11:0;60;433920000;0.000586874;0.00216574;0.000885096
balkon-24h-1h;22-11-2024;9:12:15;60;433920000;0.000572978;0.00226201;0.000925336
balkon-24h-1h;22-11-2024;9:13:30;60;433920000;0.00058118;0.00209001;0.000870035
balkon-24h-1h;22-11-2024;9:14:45;60;433920000;0.000569435;0.0021376;0.000879006
balkon-24h-1h;22-11-2024;9:16:0;60;433920000;0.000595275;0.00220518;0.000880861
balkon-24h-1h;22-11-2024;9:17:15;60;433920000;0.00058445;0.00264538;0.000914719
balkon-24h-1h;22-11-2024;9:18:30;60;433920000;0.000575788;0.00222796;0.000902712
balkon-24h-1h;22-11-2024;9:19:45;60;433920000;0.000620192;0.0179157;0.00179706
balkon-24h-1h;22-11-2024;9:21:0;60;433920000;0.00059884;0.00673292;0.000899168
balkon-24h-1h;22-11-2024;9:22:15;60;433920000;0.000612712;0.00221481;0.000896913
balkon-24h-1h;22-11-2024;9:23:30;60;433920000;0.000616069;0.00222893;0.000939275
balkon-24h-1h;22-11-2024;9:24:45;60;433920000;0.000615854;0.0113394;0.00128843
balkon-24h-1h;22-11-2024;9:26:0;60;433920000;0.000585344;0.00789256;0.0011102
balkon-24h-1h;22-11-2024;9:27:15;60;433920000;0.000549593;0.002222;0.000835178
balkon-24h-1h;22-11-2024;9:28:30;60;433920000;0.000555501;0.00222276;0.000828891
balkon-24h-1h;22-11-2024;9:29:45;60;433920000;0.000617794;0.00221547;0.000883908
balkon-24h-1h;22-11-2024;9:31:0;60;433920000;0.000561131;0.00390128;0.000864069
balkon-24h-1h;22-11-2024;9:32:15;60;433920000;0.00058894;0.00213042;0.000860816
balkon-24h-1h;22-11-2024;9:33:30;60;433920000;0.000616655;0.00286368;0.00101704
balkon-24h-1h;22-11-2024;9:34:45;60;433920000;0.00065021;0.00235112;0.000971758
balkon-24h-1h;22-11-2024;9:36:0;60;433920000;0.000658956;0.00229634;0.000959015
balkon-24h-1h;22-11-2024;9:37:15;60;433920000;0.000643422;0.00980953;0.00149715
balkon-24h-1h;22-11-2024;9:38:30;60;433920000;0.000662541;0.00242141;0.000994178
balkon-24h-1h;22-11-2024;9:39:45;60;433920000;0.000667507;0.0023362;0.000987224
balkon-24h-1h;22-11-2024;9:41:0;60;433920000;0.000645034;0.00681757;0.00120856
balkon-24h-1h;22-11-2024;9:42:15;60;433920000;0.000680125;0.0234693;0.00208843
balkon-24h-1h;22-11-2024;9:43:30;60;433920000;0.000660942;0.00296242;0.000983598
balkon-24h-1h;22-11-2024;9:44:45;60;433920000;0.000667049;0.0247141;0.00202123
balkon-24h-1h;22-11-2024;9:46:0;60;433920000;0.000636798;0.00448841;0.00105823
balkon-24h-1h;22-11-2024;9:47:15;60;433920000;0.0007013;0.00481565;0.00114936
balkon-24h-1h;22-11-2024;9:48:30;60;433920000;0.000638224;0.00221639;0.000948637
balkon-24h-1h;22-11-2024;9:49:45;60;433920000;0.000629966;0.00417256;0.000993654
balkon-24h-1h;22-11-2024;9:51:0;60;433920000;0.000632113;0.00212381;0.000918134
balkon-24h-1h;22-11-2024;9:52:15;60;433920000;0.000632182;0.00220208;0.000917928
balkon-24h-1h;22-11-2024;9:53:30;60;433920000;0.000632061;0.00474493;0.000916701
balkon-24h-1h;22-11-2024;9:54:45;60;433920000;0.000641197;0.00253094;0.000934216
balkon-24h-1h;22-11-2024;9:56:0;60;433920000;0.00067195;0.00226461;0.00098652
