description;date;time;duration_s;frequency;min;max;avg
balkon-24h-1m;20-11-2024;9:39:27;60;433920000;0.000828069;0.00323238;0.0012352
balkon-24h-1m;20-11-2024;9:40:42;60;433920000;0.000800415;0.00232204;0.00116486
balkon-24h-1m;20-11-2024;9:41:57;60;433920000;0.000790716;0.00225956;0.00113985
balkon-24h-1m;20-11-2024;9:43:12;60;433920000;0.000767279;0.0023989;0.00111608
balkon-24h-1m;20-11-2024;9:44:27;60;433920000;0.000758184;0.00214166;0.00103936
balkon-24h-1m;20-11-2024;9:45:42;60;433920000;0.000751512;0.00233771;0.00110193
balkon-24h-1m;20-11-2024;9:46:57;60;433920000;0.000741547;0.00212928;0.00105446
balkon-24h-1m;20-11-2024;9:48:12;60;433920000;0.000742355;0.00204435;0.00104526
balkon-24h-1m;20-11-2024;9:49:27;60;433920000;0.000734225;0.00218255;0.00106256
balkon-24h-1m;20-11-2024;9:50:42;60;433920000;0.000701388;0.00234246;0.00100484
balkon-24h-1m;20-11-2024;9:51:57;60;433920000;0.000719646;0.00207214;0.00100137
balkon-24h-1m;20-11-2024;9:53:12;60;433920000;0.000677946;0.00201798;0.00100098
balkon-24h-1m;20-11-2024;9:54:27;60;433920000;0.000681047;0.00185331;0.000978546
balkon-24h-1m;20-11-2024;9:55:42;60;433920000;0.000658415;0.00189765;0.00110451
balkon-24h-1m;20-11-2024;9:56:57;60;433920000;0.00071278;0.00196292;0.000970702
balkon-24h-1m;20-11-2024;9:58:12;60;433920000;0.000661143;0.0019106;0.0010055
balkon-24h-1m;20-11-2024;9:59:27;60;433920000;0.000708429;0.0020575;0.00100882
balkon-24h-1m;20-11-2024;10:0:42;60;433920000;0.000702862;0.00191839;0.000968878
balkon-24h-1m;20-11-2024;10:1:57;60;433920000;0.000692513;0.001947;0.000987715
balkon-24h-1m;20-11-2024;10:3:12;60;433920000;0.000704268;0.00190977;0.000992967
balkon-24h-1m;20-11-2024;10:4:27;60;433920000;0.000711971;0.00212377;0.000987425
balkon-24h-1m;20-11-2024;10:5:42;60;433920000;0.000683985;0.00190101;0.00096444
balkon-24h-1m;20-11-2024;10:6:57;60;433920000;0.000693347;0.0020525;0.000971205
balkon-24h-1m;20-11-2024;10:8:12;60;433920000;0.00066874;0.00186381;0.000952147
balkon-24h-1m;20-11-2024;10:9:27;60;433920000;0.0006656;0.00187641;0.000948115
balkon-24h-1m;20-11-2024;10:10:42;60;433920000;0.000676556;0.00192237;0.000973822
balkon-24h-1m;20-11-2024;10:11:58;60;433920000;0.000710326;0.00189772;0.000972991
balkon-24h-1m;20-11-2024;10:13:13;60;433920000;0.000723051;0.00196082;0.000995612
balkon-24h-1m;20-11-2024;10:14:28;60;433920000;0.000694876;0.00190694;0.000977997
balkon-24h-1m;20-11-2024;10:15:43;60;433920000;0.000694045;0.00188808;0.000968523
balkon-24h-1m;20-11-2024;10:16:58;60;433920000;0.000689098;0.00188192;0.000976066
balkon-24h-1m;20-11-2024;10:18:13;60;433920000;0.000698344;0.0020174;0.000969798
balkon-24h-1m;20-11-2024;10:19:28;60;433920000;0.000681317;0.00545526;0.000999241
balkon-24h-1m;20-11-2024;10:20:43;60;433920000;0.000704581;0.00643247;0.00128266
balkon-24h-1m;20-11-2024;10:21:58;60;433920000;0.000611001;0.00202573;0.00102221
balkon-24h-1m;20-11-2024;10:23:13;60;433920000;0.000624334;0.00301948;0.00143858
balkon-24h-1m;20-11-2024;10:24:28;60;433920000;0.000599263;0.00184216;0.00102758
balkon-24h-1m;20-11-2024;10:25:43;60;433920000;0.00063587;0.00227479;0.000940377
balkon-24h-1m;20-11-2024;10:26:58;60;433920000;0.000652697;0.0016909;0.000932408
balkon-24h-1m;20-11-2024;10:28:13;60;433920000;0.000620203;0.00174722;0.000977828
balkon-24h-1m;20-11-2024;10:29:28;60;433920000;0.000612138;0.00278523;0.00108516
balkon-24h-1m;20-11-2024;10:30:43;60;433920000;0.000634897;0.00351896;0.00100948
balkon-24h-1m;20-11-2024;10:31:58;60;433920000;0.000652794;0.00151003;0.000998133
balkon-24h-1m;20-11-2024;10:33:13;60;433920000;0.000640061;0.0032146;0.00100147
balkon-24h-1m;20-11-2024;10:34:28;60;433920000;0.000647178;0.00231894;0.00091896
balkon-24h-1m;20-11-2024;10:35:43;60;433920000;0.000607354;0.00442245;0.00101099
balkon-24h-1m;20-11-2024;10:36:58;60;433920000;0.000603642;0.00137158;0.000856001
balkon-24h-1m;20-11-2024;10:38:13;60;433920000;0.000602001;0.00368483;0.00101499
balkon-24h-1m;20-11-2024;10:39:28;60;433920000;0.000616234;0.00165658;0.000942943
balkon-24h-1m;20-11-2024;10:40:43;60;433920000;0.000642011;0.00184877;0.000891397
balkon-24h-1m;20-11-2024;10:41:58;60;433920000;0.000643049;0.00171102;0.000918174
balkon-24h-1m;20-11-2024;10:43:13;60;433920000;0.000647851;0.0017507;0.00107501
balkon-24h-1m;20-11-2024;10:44:28;60;433920000;0.000650288;0.00191073;0.00111558
balkon-24h-1m;20-11-2024;10:45:43;60;433920000;0.00063105;0.00167115;0.000934683
balkon-24h-1m;20-11-2024;10:46:58;60;433920000;0.000620514;0.00248412;0.000899328
balkon-24h-1m;20-11-2024;10:48:13;60;433920000;0.000611046;0.00166998;0.000839258
balkon-24h-1m;20-11-2024;10:49:28;60;433920000;0.000636917;0.00172578;0.000930677
balkon-24h-1m;20-11-2024;10:50:43;60;433920000;0.000603883;0.00154717;0.000842048
balkon-24h-1m;20-11-2024;10:51:58;60;433920000;0.00059352;0.00165034;0.000951972
balkon-24h-1m;20-11-2024;10:53:13;60;433920000;0.000596616;0.00166281;0.00099036
balkon-24h-1m;20-11-2024;10:54:28;60;433920000;0.000629075;0.00150553;0.000971506
balkon-24h-1m;20-11-2024;10:55:43;60;433920000;0.000644955;0.00162542;0.00100072
balkon-24h-1m;20-11-2024;10:56:58;60;433920000;0.000618072;0.00154161;0.000957457
balkon-24h-1m;20-11-2024;10:58:13;60;433920000;0.00062066;0.00148618;0.000899349
balkon-24h-1m;20-11-2024;10:59:28;60;433920000;0.00059728;0.00201687;0.00105832
balkon-24h-1m;20-11-2024;11:0:43;60;433920000;0.000562817;0.00221364;0.000792714
balkon-24h-1m;20-11-2024;11:1:58;60;433920000;0.000571337;0.00164894;0.000865024
balkon-24h-1m;20-11-2024;11:3:13;60;433920000;0.00058586;0.00196204;0.000946652
balkon-24h-1m;20-11-2024;11:4:28;60;433920000;0.000642567;0.00160392;0.000971921
balkon-24h-1m;20-11-2024;11:5:43;60;433920000;0.000668522;0.00160844;0.000980593
balkon-24h-1m;20-11-2024;11:6:58;60;433920000;0.000717224;0.00161947;0.000985875
balkon-24h-1m;20-11-2024;11:8:13;60;433920000;0.000725891;0.00174026;0.0010229
balkon-24h-1m;20-11-2024;11:9:28;60;433920000;0.000701066;0.00391889;0.00110122
balkon-24h-1m;20-11-2024;11:10:43;60;433920000;0.00070464;0.00180546;0.000962293
balkon-24h-1m;20-11-2024;11:11:58;60;433920000;0.000739719;0.0182725;0.00366161
balkon-24h-1m;20-11-2024;11:13:13;60;433920000;0.000711468;0.00216774;0.00105796
balkon-24h-1m;20-11-2024;11:14:28;60;433920000;0.000694373;0.00187168;0.0010085
balkon-24h-1m;20-11-2024;11:15:43;60;433920000;0.000715758;0.00190676;0.000982917
balkon-24h-1m;20-11-2024;11:16:58;60;433920000;0.000739281;0.00188884;0.0010255
balkon-24h-1m;20-11-2024;11:18:13;60;433920000;0.000693079;0.00169338;0.000991289
balkon-24h-1m;20-11-2024;11:19:28;60;433920000;0.000693779;0.00210252;0.0010635
balkon-24h-1m;20-11-2024;11:20:43;60;433920000;0.000727979;0.00170612;0.00105925
balkon-24h-1m;20-11-2024;11:21:58;60;433920000;0.000721649;0.00171737;0.0010976
balkon-24h-1m;20-11-2024;11:23:13;60;433920000;0.00071659;0.00186443;0.00111803
balkon-24h-1m;20-11-2024;11:24:28;60;433920000;0.000718126;0.00183994;0.00108227
balkon-24h-1m;20-11-2024;11:25:43;60;433920000;0.000699991;0.00203943;0.00104776
balkon-24h-1m;20-11-2024;11:26:58;60;433920000;0.000710835;0.0017269;0.00106176
balkon-24h-1m;20-11-2024;11:28:13;60;433920000;0.000722589;0.00227335;0.00114452
balkon-24h-1m;20-11-2024;11:29:28;60;433920000;0.000728733;0.00168678;0.00109509
balkon-24h-1m;20-11-2024;11:30:43;60;433920000;0.000680439;0.00170258;0.0010337
balkon-24h-1m;20-11-2024;11:31:58;60;433920000;0.000696192;0.0165645;0.00209341
balkon-24h-1m;20-11-2024;11:33:13;60;433920000;0.000597124;0.00306747;0.00113781
balkon-24h-1m;20-11-2024;11:34:28;60;433920000;0.000683815;0.00171055;0.00107849
balkon-24h-1m;20-11-2024;11:35:43;60;433920000;0.000577953;0.00264912;0.000953026
balkon-24h-1m;20-11-2024;11:36:58;60;433920000;0.000604232;0.00175133;0.000908486
balkon-24h-1m;20-11-2024;11:38:13;60;433920000;0.000566676;0.00154412;0.000887705
balkon-24h-1m;20-11-2024;11:39:28;60;433920000;0.000569674;0.00200506;0.000868233
balkon-24h-1m;20-11-2024;11:40:43;60;433920000;0.000585129;0.00170301;0.000890142
balkon-24h-1m;20-11-2024;11:41:58;60;433920000;0.000606387;0.0016473;0.000927676
balkon-24h-1m;20-11-2024;11:43:13;60;433920000;0.000592736;0.0016094;0.000885165
balkon-24h-1m;20-11-2024;11:44:28;60;433920000;0.000552914;0.00172167;0.000832557
balkon-24h-1m;20-11-2024;11:45:43;60;433920000;0.000603343;0.0037877;0.00101067
balkon-24h-1m;20-11-2024;11:46:58;60;433920000;0.000627371;0.00192898;0.000975844
balkon-24h-1m;20-11-2024;11:48:13;60;433920000;0.00062534;0.00181977;0.00104996
balkon-24h-1m;20-11-2024;11:49:28;60;433920000;0.000662516;0.00205565;0.00103894
balkon-24h-1m;20-11-2024;11:50:43;60;433920000;0.000603568;0.00232;0.00102885
balkon-24h-1m;20-11-2024;11:51:58;60;433920000;0.000620457;0.00171393;0.000917731
balkon-24h-1m;20-11-2024;11:53:13;60;433920000;0.000635996;0.00165141;0.000930612
balkon-24h-1m;20-11-2024;11:54:28;60;433920000;0.000623969;0.00164179;0.000939896
balkon-24h-1m;20-11-2024;11:55:43;60;433920000;0.000668308;0.00179822;0.000979839
balkon-24h-1m;20-11-2024;11:56:58;60;433920000;0.00066197;0.00177891;0.00095719
balkon-24h-1m;20-11-2024;11:58:13;60;433920000;0.000623049;0.00177157;0.000925348
balkon-24h-1m;20-11-2024;11:59:28;60;433920000;0.000621902;0.00163357;0.000880385
balkon-24h-1m;20-11-2024;12:0:43;60;433920000;0.000570006;0.00172701;0.000899187
balkon-24h-1m;20-11-2024;12:1:58;60;433920000;0.000542111;0.00156088;0.000887976
balkon-24h-1m;20-11-2024;12:3:13;60;433920000;0.000636918;0.00161297;0.000919523
balkon-24h-1m;20-11-2024;12:4:28;60;433920000;0.000659014;0.00158732;0.000921705
balkon-24h-1m;20-11-2024;12:5:43;60;433920000;0.000629927;0.00172836;0.000981416
balkon-24h-1m;20-11-2024;12:6:58;60;433920000;0.000564848;0.00145975;0.000828047
balkon-24h-1m;20-11-2024;12:8:13;60;433920000;0.000624454;0.0015141;0.000825524
balkon-24h-1m;20-11-2024;12:9:28;60;433920000;0.000565727;0.00142143;0.0007806
balkon-24h-1m;20-11-2024;12:10:43;60;433920000;0.000605753;0.00150929;0.000839874
balkon-24h-1m;20-11-2024;12:11:58;60;433920000;0.000588289;0.00202409;0.00087896
balkon-24h-1m;20-11-2024;12:13:13;60;433920000;0.000547531;0.00152932;0.000827115
balkon-24h-1m;20-11-2024;12:14:28;60;433920000;0.000631498;0.00160386;0.000841887
balkon-24h-1m;20-11-2024;12:15:43;60;433920000;0.000604011;0.00159169;0.000834907
balkon-24h-1m;20-11-2024;12:16:58;60;433920000;0.000604315;0.00555512;0.00125053
balkon-24h-1m;20-11-2024;12:18:13;60;433920000;0.000578358;0.00231947;0.0008188
balkon-24h-1m;20-11-2024;12:19:28;60;433920000;0.000580693;0.00184514;0.000835733
balkon-24h-1m;20-11-2024;12:20:43;60;433920000;0.00057354;0.00177449;0.000892948
balkon-24h-1m;20-11-2024;12:21:58;60;433920000;0.00059677;0.00200789;0.000905433
balkon-24h-1m;20-11-2024;12:23:13;60;433920000;0.000592653;0.00165625;0.000856936
balkon-24h-1m;20-11-2024;12:24:28;60;433920000;0.000605963;0.00168061;0.000926372
balkon-24h-1m;20-11-2024;12:25:43;60;433920000;0.000633662;0.00168078;0.000872962
balkon-24h-1m;20-11-2024;12:26:58;60;433920000;0.000624625;0.00163338;0.000857562
balkon-24h-1m;20-11-2024;12:28:13;60;433920000;0.000576788;0.00165855;0.000835373
balkon-24h-1m;20-11-2024;12:29:28;60;433920000;0.000579208;0.00269714;0.000857047
balkon-24h-1m;20-11-2024;12:30:44;60;433920000;0.000604674;0.00245703;0.000862783
balkon-24h-1m;20-11-2024;12:31:59;60;433920000;0.000589014;0.00323046;0.000841296
balkon-24h-1m;20-11-2024;12:33:14;60;433920000;0.000601613;0.00164834;0.00085099
balkon-24h-1m;20-11-2024;12:34:29;60;433920000;0.00059331;0.0102658;0.00146308
balkon-24h-1m;20-11-2024;12:35:44;60;433920000;0.000575146;0.00142686;0.000807969
balkon-24h-1m;20-11-2024;12:36:59;60;433920000;0.000598937;0.00161611;0.000814193
balkon-24h-1m;20-11-2024;12:38:14;60;433920000;0.000574099;0.00538542;0.000899652
balkon-24h-1m;20-11-2024;12:39:29;60;433920000;0.000523824;0.00143353;0.000803076
balkon-24h-1m;20-11-2024;12:40:44;60;433920000;0.000548383;0.00305962;0.000837309
balkon-24h-1m;20-11-2024;12:41:59;60;433920000;0.000578464;0.00196628;0.000872272
balkon-24h-1m;20-11-2024;12:43:14;60;433920000;0.000589648;0.00150232;0.000871676
balkon-24h-1m;20-11-2024;12:44:29;60;433920000;0.000585645;0.0023541;0.000866735
balkon-24h-1m;20-11-2024;12:45:44;60;433920000;0.000575513;0.00146146;0.000827653
balkon-24h-1m;20-11-2024;12:46:59;60;433920000;0.000573664;0.00226941;0.000854279
balkon-24h-1m;20-11-2024;12:48:14;60;433920000;0.000594084;0.00149498;0.000833115
balkon-24h-1m;20-11-2024;12:49:29;60;433920000;0.000578897;0.00149252;0.000838912
balkon-24h-1m;20-11-2024;12:50:44;60;433920000;0.000626261;0.00144998;0.000804347
balkon-24h-1m;20-11-2024;12:51:59;60;433920000;0.000565261;0.00166123;0.000828788
balkon-24h-1m;20-11-2024;12:53:14;60;433920000;0.000542081;0.00147932;0.000787978
balkon-24h-1m;20-11-2024;12:54:29;60;433920000;0.000606443;0.00160276;0.000883949
balkon-24h-1m;20-11-2024;12:55:44;60;433920000;0.000563072;0.00160526;0.000813221
balkon-24h-1m;20-11-2024;12:56:59;60;433920000;0.000618528;0.00141127;0.000872152
balkon-24h-1m;20-11-2024;12:58:14;60;433920000;0.000612054;0.00382389;0.000909193
balkon-24h-1m;20-11-2024;12:59:29;60;433920000;0.000588376;0.00161286;0.000883992
balkon-24h-1m;20-11-2024;13:0:44;60;433920000;0.000577267;0.00132261;0.000764019
balkon-24h-1m;20-11-2024;13:1:59;60;433920000;0.000587786;0.00138048;0.000806289
balkon-24h-1m;20-11-2024;13:3:14;60;433920000;0.000595468;0.00133146;0.00078653
balkon-24h-1m;20-11-2024;13:4:29;60;433920000;0.000587995;0.0260528;0.0015505
balkon-24h-1m;20-11-2024;13:5:44;60;433920000;0.00060114;0.00137199;0.000800508
balkon-24h-1m;20-11-2024;13:6:59;60;433920000;0.000640142;0.00138295;0.000816599
balkon-24h-1m;20-11-2024;13:8:14;60;433920000;0.000596591;0.00132901;0.000789498
balkon-24h-1m;20-11-2024;13:9:29;60;433920000;0.000582306;0.00134003;0.000790891
balkon-24h-1m;20-11-2024;13:10:44;60;433920000;0.000608506;0.00248103;0.000876097
balkon-24h-1m;20-11-2024;13:11:59;60;433920000;0.000583759;0.00399152;0.000945993
balkon-24h-1m;20-11-2024;13:13:14;60;433920000;0.000596855;0.00162053;0.000822187
balkon-24h-1m;20-11-2024;13:14:29;60;433920000;0.000592298;0.00139816;0.000823593
balkon-24h-1m;20-11-2024;13:15:44;60;433920000;0.000591957;0.0014224;0.000862347
balkon-24h-1m;20-11-2024;13:16:59;60;433920000;0.000583867;0.00171825;0.000898743
balkon-24h-1m;20-11-2024;13:18:14;60;433920000;0.000624631;0.00175786;0.000960824
balkon-24h-1m;20-11-2024;13:19:29;60;433920000;0.000740867;0.00164553;0.00100052
balkon-24h-1m;20-11-2024;13:20:44;60;433920000;0.000654326;0.00164042;0.000940939
balkon-24h-1m;20-11-2024;13:21:59;60;433920000;0.000638354;0.00168245;0.000858524
balkon-24h-1m;20-11-2024;13:23:14;60;433920000;0.00062158;0.00168957;0.000976082
balkon-24h-1m;20-11-2024;13:24:29;60;433920000;0.000646054;0.00198397;0.000941805
balkon-24h-1m;20-11-2024;13:25:44;60;433920000;0.00060451;0.00164103;0.000962536
balkon-24h-1m;20-11-2024;13:26:59;60;433920000;0.000636294;0.00155403;0.00088835
balkon-24h-1m;20-11-2024;13:28:14;60;433920000;0.000616234;0.00151251;0.000861968
balkon-24h-1m;20-11-2024;13:29:29;60;433920000;0.000637466;0.0119919;0.00151895
balkon-24h-1m;20-11-2024;13:30:44;60;433920000;0.000590477;0.00165119;0.000854251
balkon-24h-1m;20-11-2024;13:31:59;60;433920000;0.000597414;0.00156653;0.000865437
balkon-24h-1m;20-11-2024;13:33:14;60;433920000;0.000621027;0.00207466;0.000880543
balkon-24h-1m;20-11-2024;13:34:29;60;433920000;0.000593025;0.00152708;0.000822902
balkon-24h-1m;20-11-2024;13:35:44;60;433920000;0.000626774;0.00175055;0.000859054
balkon-24h-1m;20-11-2024;13:36:59;60;433920000;0.000603053;0.0019645;0.000891047
balkon-24h-1m;20-11-2024;13:38:14;60;433920000;0.000580679;0.00155149;0.000863265
balkon-24h-1m;20-11-2024;13:39:29;60;433920000;0.000593999;0.00147982;0.000836984
balkon-24h-1m;20-11-2024;13:40:44;60;433920000;0.000547972;0.00168714;0.000834052
balkon-24h-1m;20-11-2024;13:41:59;60;433920000;0.000572224;0.00694137;0.00132614
balkon-24h-1m;20-11-2024;13:43:14;60;433920000;0.000566995;0.0101685;0.00129115
balkon-24h-1m;20-11-2024;13:44:29;60;433920000;0.000567922;0.0215683;0.00303769
balkon-24h-1m;20-11-2024;13:45:44;60;433920000;0.000570499;0.00247142;0.000972101
balkon-24h-1m;20-11-2024;13:46:59;60;433920000;0.000611393;0.00254897;0.000955234
balkon-24h-1m;20-11-2024;13:48:14;60;433920000;0.000588727;0.00873923;0.00156454
balkon-24h-1m;20-11-2024;13:49:29;60;433920000;0.000583097;0.00644836;0.00103692
balkon-24h-1m;20-11-2024;13:50:44;60;433920000;0.000569567;0.00285709;0.00093171
balkon-24h-1m;20-11-2024;13:51:59;60;433920000;0.00059636;0.00236535;0.000858014
balkon-24h-1m;20-11-2024;13:53:14;60;433920000;0.000549402;0.00155919;0.000826879
balkon-24h-1m;20-11-2024;13:54:29;60;433920000;0.000539103;0.00238902;0.000843686
balkon-24h-1m;20-11-2024;13:55:44;60;433920000;0.000601769;0.00171198;0.000841162
balkon-24h-1m;20-11-2024;13:56:59;60;433920000;0.000566757;0.00169239;0.000836004
balkon-24h-1m;20-11-2024;13:58:14;60;433920000;0.000558052;0.00159053;0.000816557
balkon-24h-1m;20-11-2024;13:59:29;60;433920000;0.000536437;0.00151106;0.000805799
balkon-24h-1m;20-11-2024;14:0:44;60;433920000;0.000572882;0.00155264;0.00082438
balkon-24h-1m;20-11-2024;14:1:59;60;433920000;0.000570682;0.00225593;0.000848877
balkon-24h-1m;20-11-2024;14:3:14;60;433920000;0.000565444;0.0016715;0.000835615
balkon-24h-1m;20-11-2024;14:4:29;60;433920000;0.000594186;0.00149675;0.000795657
balkon-24h-1m;20-11-2024;14:5:44;60;433920000;0.000551384;0.0014664;0.000783794
balkon-24h-1m;20-11-2024;14:6:59;60;433920000;0.000581489;0.00147698;0.000797789
balkon-24h-1m;20-11-2024;14:8:14;60;433920000;0.000556851;0.00149934;0.000769279
balkon-24h-1m;20-11-2024;14:9:29;60;433920000;0.000562435;0.00227835;0.000833512
balkon-24h-1m;20-11-2024;14:10:44;60;433920000;0.000559903;0.00140001;0.000779111
balkon-24h-1m;20-11-2024;14:11:59;60;433920000;0.000531483;0.00146968;0.000774197
balkon-24h-1m;20-11-2024;14:13:14;60;433920000;0.000541222;0.00145257;0.000766403
balkon-24h-1m;20-11-2024;14:14:29;60;433920000;0.000576915;0.00173508;0.000790355
balkon-24h-1m;20-11-2024;14:15:44;60;433920000;0.000568013;0.00147669;0.000833043
balkon-24h-1m;20-11-2024;14:16:59;60;433920000;0.000563064;0.00149331;0.000850611
balkon-24h-1m;20-11-2024;14:18:14;60;433920000;0.000631419;0.00162165;0.000891504
balkon-24h-1m;20-11-2024;14:19:29;60;433920000;0.000627335;0.00163584;0.000846761
balkon-24h-1m;20-11-2024;14:20:44;60;433920000;0.000638281;0.00231788;0.000833496
balkon-24h-1m;20-11-2024;14:21:59;60;433920000;0.000622606;0.00138779;0.00080289
balkon-24h-1m;20-11-2024;14:23:14;60;433920000;0.000616731;0.00149465;0.000853015
balkon-24h-1m;20-11-2024;14:24:29;60;433920000;0.000605985;0.00146227;0.000848068
balkon-24h-1m;20-11-2024;14:25:44;60;433920000;0.000561148;0.00155925;0.000859055
balkon-24h-1m;20-11-2024;14:26:59;60;433920000;0.000602973;0.00154523;0.000850443
balkon-24h-1m;20-11-2024;14:28:14;60;433920000;0.000570137;0.00156183;0.000841871
balkon-24h-1m;20-11-2024;14:29:29;60;433920000;0.000518608;0.00148511;0.000778294
balkon-24h-1m;20-11-2024;14:30:44;60;433920000;0.000501056;0.00130243;0.000695246
balkon-24h-1m;20-11-2024;14:31:59;60;433920000;0.000595041;0.00151081;0.000840658
balkon-24h-1m;20-11-2024;14:33:14;60;433920000;0.000623747;0.00140744;0.00083254
balkon-24h-1m;20-11-2024;14:34:29;60;433920000;0.000587079;0.00177005;0.000947439
balkon-24h-1m;20-11-2024;14:35:44;60;433920000;0.000619373;0.00176868;0.000920741
balkon-24h-1m;20-11-2024;14:36:59;60;433920000;0.000601279;0.00157397;0.000857156
balkon-24h-1m;20-11-2024;14:38:14;60;433920000;0.000641546;0.00646561;0.00110825
balkon-24h-1m;20-11-2024;14:39:29;60;433920000;0.000658034;0.00354766;0.00096672
balkon-24h-1m;20-11-2024;14:40:44;60;433920000;0.000651859;0.00174486;0.000924542
balkon-24h-1m;20-11-2024;14:41:59;60;433920000;0.000654512;0.00188947;0.000932509
balkon-24h-1m;20-11-2024;14:43:14;60;433920000;0.000666781;0.00194035;0.000977254
balkon-24h-1m;20-11-2024;14:44:29;60;433920000;0.00066834;0.00253213;0.00102066
balkon-24h-1m;20-11-2024;14:45:44;60;433920000;0.000691351;0.00199882;0.000988589
balkon-24h-1m;20-11-2024;14:46:59;60;433920000;0.000653256;0.00191183;0.000938064
balkon-24h-1m;20-11-2024;14:48:14;60;433920000;0.000681862;0.00318153;0.000961873
balkon-24h-1m;20-11-2024;14:49:29;60;433920000;0.000676349;0.00187607;0.0009617
balkon-24h-1m;20-11-2024;14:50:45;60;433920000;0.000653532;0.00182136;0.000922304
balkon-24h-1m;20-11-2024;14:52:0;60;433920000;0.000655937;0.00262745;0.000998805
balkon-24h-1m;20-11-2024;14:53:15;60;433920000;0.000628764;0.00181013;0.000953735
balkon-24h-1m;20-11-2024;14:54:30;60;433920000;0.000658049;0.00185957;0.000915715
balkon-24h-1m;20-11-2024;14:55:45;60;433920000;0.000631439;0.00370901;0.00101031
balkon-24h-1m;20-11-2024;14:57:0;60;433920000;0.000648137;0.00473696;0.0011652
balkon-24h-1m;20-11-2024;14:58:15;60;433920000;0.000633907;0.0100079;0.00131774
balkon-24h-1m;20-11-2024;14:59:30;60;433920000;0.000669522;0.00184629;0.000989765
balkon-24h-1m;20-11-2024;15:0:45;60;433920000;0.000701897;0.00193632;0.000970413
balkon-24h-1m;20-11-2024;15:2:0;60;433920000;0.00068896;0.00196447;0.000971464
balkon-24h-1m;20-11-2024;15:3:15;60;433920000;0.000654776;0.00206897;0.00105279
balkon-24h-1m;20-11-2024;15:4:30;60;433920000;0.000684872;0.00197247;0.000961609
balkon-24h-1m;20-11-2024;15:5:45;60;433920000;0.000651842;0.00204398;0.000949878
balkon-24h-1m;20-11-2024;15:7:0;60;433920000;0.000904446;0.00255372;0.0015449
balkon-24h-1m;20-11-2024;15:8:15;60;433920000;0.000668292;0.00244119;0.00108314
balkon-24h-1m;20-11-2024;15:9:30;60;433920000;0.000689543;0.00197927;0.000949439
balkon-24h-1m;20-11-2024;15:10:45;60;433920000;0.000661246;0.00204145;0.000974816
balkon-24h-1m;20-11-2024;15:12:0;60;433920000;0.000639444;0.00188611;0.000927785
balkon-24h-1m;20-11-2024;15:13:15;60;433920000;0.000631834;0.00197636;0.000933885
balkon-24h-1m;20-11-2024;15:14:30;60;433920000;0.000673392;0.00187703;0.000946461
balkon-24h-1m;20-11-2024;15:15:45;60;433920000;0.000639935;0.0021367;0.00090908
balkon-24h-1m;20-11-2024;15:17:0;60;433920000;0.000665048;0.00182914;0.00092264
balkon-24h-1m;20-11-2024;15:18:15;60;433920000;0.000689794;0.00194083;0.000972311
balkon-24h-1m;20-11-2024;15:19:30;60;433920000;0.000669826;0.0186556;0.00201031
balkon-24h-1m;20-11-2024;15:20:45;60;433920000;0.000684504;0.00187536;0.000929811
balkon-24h-1m;20-11-2024;15:22:0;60;433920000;0.000664039;0.00182979;0.000924515
balkon-24h-1m;20-11-2024;15:23:15;60;433920000;0.000700882;0.00202686;0.00099941
balkon-24h-1m;20-11-2024;15:24:30;60;433920000;0.000687586;0.00203212;0.00100111
balkon-24h-1m;20-11-2024;15:25:45;60;433920000;0.000660071;0.0239365;0.0024433
balkon-24h-1m;20-11-2024;15:27:0;60;433920000;0.000693704;0.0115956;0.00156478
balkon-24h-1m;20-11-2024;15:28:15;60;433920000;0.000661354;0.00218354;0.00100221
balkon-24h-1m;20-11-2024;15:29:30;60;433920000;0.000704951;0.00216508;0.00106711
balkon-24h-1m;20-11-2024;15:30:45;60;433920000;0.000641871;0.00191801;0.000964591
balkon-24h-1m;20-11-2024;15:32:0;60;433920000;0.000679755;0.00208006;0.00097281
balkon-24h-1m;20-11-2024;15:33:15;60;433920000;0.000653696;0.0021585;0.00105636
balkon-24h-1m;20-11-2024;15:34:30;60;433920000;0.000689291;0.00220794;0.00103513
balkon-24h-1m;20-11-2024;15:35:45;60;433920000;0.000673942;0.00227805;0.00105162
balkon-24h-1m;20-11-2024;15:37:0;60;433920000;0.000684656;0.00206929;0.00103133
balkon-24h-1m;20-11-2024;15:38:15;60;433920000;0.000663644;0.00202161;0.000984603
balkon-24h-1m;20-11-2024;15:39:30;60;433920000;0.00063652;0.00202425;0.000972192
balkon-24h-1m;20-11-2024;15:40:45;60;433920000;0.000642152;0.0020419;0.00095642
balkon-24h-1m;20-11-2024;15:42:0;60;433920000;0.000607431;0.00202662;0.000993389
balkon-24h-1m;20-11-2024;15:43:15;60;433920000;0.000671658;0.0021286;0.00100242
balkon-24h-1m;20-11-2024;15:44:30;60;433920000;0.000693846;0.00226631;0.0011433
balkon-24h-1m;20-11-2024;15:45:45;60;433920000;0.000734893;0.00224188;0.00107919
balkon-24h-1m;20-11-2024;15:47:0;60;433920000;0.000698099;0.00221637;0.00106878
balkon-24h-1m;20-11-2024;15:48:15;60;433920000;0.000666181;0.00214141;0.00104876
balkon-24h-1m;20-11-2024;15:49:30;60;433920000;0.000709478;0.00206668;0.00104534
balkon-24h-1m;20-11-2024;15:50:45;60;433920000;0.000712405;0.0020607;0.001025
balkon-24h-1m;20-11-2024;15:52:0;60;433920000;0.000699076;0.00235624;0.00113378
balkon-24h-1m;20-11-2024;15:53:15;60;433920000;0.000902189;0.00241538;0.00123493
balkon-24h-1m;20-11-2024;15:54:30;60;433920000;0.000782501;0.00299211;0.00113561
balkon-24h-1m;20-11-2024;15:55:45;60;433920000;0.000709852;0.00198498;0.00101479
balkon-24h-1m;20-11-2024;15:57:0;60;433920000;0.000727842;0.00218422;0.00106363
balkon-24h-1m;20-11-2024;15:58:15;60;433920000;0.000697887;0.00223976;0.00103774
balkon-24h-1m;20-11-2024;15:59:30;60;433920000;0.000748403;0.00202922;0.00103524
balkon-24h-1m;20-11-2024;16:0:45;60;433920000;0.000746407;0.0119231;0.00172278
balkon-24h-1m;20-11-2024;16:2:0;60;433920000;0.000755535;0.00223726;0.00116748
balkon-24h-1m;20-11-2024;16:3:15;60;433920000;0.000733125;0.00244501;0.00116779
balkon-24h-1m;20-11-2024;16:4:30;60;433920000;0.000785256;0.00218403;0.0011494
balkon-24h-1m;20-11-2024;16:5:45;60;433920000;0.00079976;0.00245335;0.00119845
balkon-24h-1m;20-11-2024;16:7:0;60;433920000;0.000800477;0.00253742;0.00108409
balkon-24h-1m;20-11-2024;16:8:15;60;433920000;0.000757915;0.00319835;0.0011849
balkon-24h-1m;20-11-2024;16:9:30;60;433920000;0.000743406;0.00235889;0.00111904
balkon-24h-1m;20-11-2024;16:10:45;60;433920000;0.000715634;0.00791453;0.00138133
balkon-24h-1m;20-11-2024;16:12:0;60;433920000;0.000719042;0.0023039;0.00108413
balkon-24h-1m;20-11-2024;16:13:15;60;433920000;0.000731386;0.00296656;0.00112994
balkon-24h-1m;20-11-2024;16:14:30;60;433920000;0.000790625;0.00268006;0.00121519
balkon-24h-1m;20-11-2024;16:15:45;60;433920000;0.000737802;0.00241123;0.00114147
balkon-24h-1m;20-11-2024;16:17:0;60;433920000;0.00075614;0.0021811;0.00106334
balkon-24h-1m;20-11-2024;16:18:15;60;433920000;0.000760216;0.00237168;0.00107206
balkon-24h-1m;20-11-2024;16:19:30;60;433920000;0.000759892;0.00220326;0.00104962
balkon-24h-1m;20-11-2024;16:20:45;60;433920000;0.000776111;0.00223405;0.00112092
balkon-24h-1m;20-11-2024;16:22:0;60;433920000;0.000776097;0.00224552;0.00107691
balkon-24h-1m;20-11-2024;16:23:15;60;433920000;0.000758668;0.00208907;0.00109072
balkon-24h-1m;20-11-2024;16:24:30;60;433920000;0.000738556;0.00207105;0.00104953
balkon-24h-1m;20-11-2024;16:25:45;60;433920000;0.000768824;0.00212988;0.0010622
balkon-24h-1m;20-11-2024;16:27:0;60;433920000;0.000739189;0.0055517;0.0010143
balkon-24h-1m;20-11-2024;16:28:15;60;433920000;0.000772311;0.0030123;0.00103727
balkon-24h-1m;20-11-2024;16:29:30;60;433920000;0.000735639;0.00220143;0.00100014
balkon-24h-1m;20-11-2024;16:30:45;60;433920000;0.000769151;0.00260691;0.00125516
balkon-24h-1m;20-11-2024;16:32:0;60;433920000;0.0011854;0.00248928;0.00146952
balkon-24h-1m;20-11-2024;16:33:15;60;433920000;0.0011236;0.00246235;0.00144414
balkon-24h-1m;20-11-2024;16:34:30;60;433920000;0.00105085;0.00340573;0.00138202
balkon-24h-1m;20-11-2024;16:35:45;60;433920000;0.00105295;0.00248029;0.00134963
balkon-24h-1m;20-11-2024;16:37:0;60;433920000;0.000958639;0.00252333;0.00129194
balkon-24h-1m;20-11-2024;16:38:15;60;433920000;0.000998178;0.010345;0.00131451
balkon-24h-1m;20-11-2024;16:39:30;60;433920000;0.00104096;0.00267563;0.00132274
balkon-24h-1m;20-11-2024;16:40:45;60;433920000;0.00102581;0.00263208;0.00133754
balkon-24h-1m;20-11-2024;16:42:0;60;433920000;0.00101819;0.0022718;0.00131411
balkon-24h-1m;20-11-2024;16:43:15;60;433920000;0.00102994;0.00231241;0.00128739
balkon-24h-1m;20-11-2024;16:44:30;60;433920000;0.00101305;0.00242018;0.00131674
balkon-24h-1m;20-11-2024;16:45:45;60;433920000;0.000967746;0.00242166;0.00125246
balkon-24h-1m;20-11-2024;16:47:0;60;433920000;0.000954018;0.00220435;0.00122771
balkon-24h-1m;20-11-2024;16:48:15;60;433920000;0.000988937;0.00233031;0.00124054
balkon-24h-1m;20-11-2024;16:49:30;60;433920000;0.00100478;0.00234174;0.00126006
balkon-24h-1m;20-11-2024;16:50:45;60;433920000;0.000982306;0.00768288;0.00127574
balkon-24h-1m;20-11-2024;16:52:0;60;433920000;0.000965431;0.00238647;0.00122709
balkon-24h-1m;20-11-2024;16:53:15;60;433920000;0.000961525;0.00237918;0.00121376
balkon-24h-1m;20-11-2024;16:54:30;60;433920000;0.000989598;0.00238318;0.00125804
balkon-24h-1m;20-11-2024;16:55:45;60;433920000;0.000958546;0.00243267;0.00125947
balkon-24h-1m;20-11-2024;16:57:0;60;433920000;0.000920784;0.00223325;0.00118428
balkon-24h-1m;20-11-2024;16:58:15;60;433920000;0.000955546;0.00247408;0.00121658
balkon-24h-1m;20-11-2024;16:59:30;60;433920000;0.000961293;0.00232473;0.00120038
balkon-24h-1m;20-11-2024;17:0:45;60;433920000;0.000958635;0.00228803;0.00121942
balkon-24h-1m;20-11-2024;17:2:0;60;433920000;0.000967579;0.00221727;0.00119742
balkon-24h-1m;20-11-2024;17:3:15;60;433920000;0.000959655;0.00232434;0.00121252
balkon-24h-1m;20-11-2024;17:4:30;60;433920000;0.00095425;0.00224115;0.00120077
balkon-24h-1m;20-11-2024;17:5:45;60;433920000;0.000947522;0.00233439;0.00121664
balkon-24h-1m;20-11-2024;17:7:0;60;433920000;0.000965998;0.00234725;0.00122686
balkon-24h-1m;20-11-2024;17:8:16;60;433920000;0.000969084;0.00237948;0.00120851
balkon-24h-1m;20-11-2024;17:9:31;60;433920000;0.000976794;0.00245713;0.0012167
balkon-24h-1m;20-11-2024;17:10:46;60;433920000;0.000971767;0.00241896;0.00123168
balkon-24h-1m;20-11-2024;17:12:1;60;433920000;0.000981973;0.00238237;0.00127928
balkon-24h-1m;20-11-2024;17:13:16;60;433920000;0.000997441;0.00247465;0.0012752
balkon-24h-1m;20-11-2024;17:14:31;60;433920000;0.000988599;0.0036321;0.00127265
balkon-24h-1m;20-11-2024;17:15:46;60;433920000;0.000919254;0.00232286;0.00120423
balkon-24h-1m;20-11-2024;17:17:1;60;433920000;0.000903122;0.0026376;0.00120947
balkon-24h-1m;20-11-2024;17:18:16;60;433920000;0.000905221;0.00243867;0.00116659
balkon-24h-1m;20-11-2024;17:19:31;60;433920000;0.000968451;0.00229866;0.00126591
balkon-24h-1m;20-11-2024;17:20:46;60;433920000;0.000997499;0.0144778;0.00140075
balkon-24h-1m;20-11-2024;17:22:1;60;433920000;0.000971141;0.00246625;0.00127786
balkon-24h-1m;20-11-2024;17:23:16;60;433920000;0.000979423;0.00250603;0.00130841
balkon-24h-1m;20-11-2024;17:24:31;60;433920000;0.000957596;0.00804416;0.00155721
balkon-24h-1m;20-11-2024;17:25:46;60;433920000;0.000969749;0.00239354;0.001254
balkon-24h-1m;20-11-2024;17:27:1;60;433920000;0.000955035;0.00258276;0.00129688
balkon-24h-1m;20-11-2024;17:28:16;60;433920000;0.000959971;0.00268338;0.00126347
balkon-24h-1m;20-11-2024;17:29:31;60;433920000;0.000974275;0.00252831;0.00127301
balkon-24h-1m;20-11-2024;17:30:46;60;433920000;0.000971478;0.00246943;0.00125193
balkon-24h-1m;20-11-2024;17:32:1;60;433920000;0.000977653;0.0023851;0.00122598
balkon-24h-1m;20-11-2024;17:33:16;60;433920000;0.00100442;0.00236119;0.00125863
balkon-24h-1m;20-11-2024;17:34:31;60;433920000;0.000978496;0.00239995;0.00128381
balkon-24h-1m;20-11-2024;17:35:46;60;433920000;0.000955792;0.00237341;0.00125725
balkon-24h-1m;20-11-2024;17:37:1;60;433920000;0.000927182;0.00250885;0.0013254
balkon-24h-1m;20-11-2024;17:38:16;60;433920000;0.00096244;0.00238353;0.00124109
balkon-24h-1m;20-11-2024;17:39:31;60;433920000;0.000930559;0.00799176;0.00145617
balkon-24h-1m;20-11-2024;17:40:46;60;433920000;0.000900597;0.00234503;0.00120257
balkon-24h-1m;20-11-2024;17:42:1;60;433920000;0.000931158;0.00232486;0.00118514
balkon-24h-1m;20-11-2024;17:43:16;60;433920000;0.000953055;0.00236594;0.00122061
balkon-24h-1m;20-11-2024;17:44:31;60;433920000;0.000951332;0.00232782;0.00121575
balkon-24h-1m;20-11-2024;17:45:46;60;433920000;0.000948952;0.00236689;0.00125235
balkon-24h-1m;20-11-2024;17:47:1;60;433920000;0.000915898;0.00223578;0.00116578
balkon-24h-1m;20-11-2024;17:48:16;60;433920000;0.000842586;0.00245216;0.00117065
balkon-24h-1m;20-11-2024;17:49:31;60;433920000;0.000848637;0.00205397;0.00108747
balkon-24h-1m;20-11-2024;17:50:46;60;433920000;0.000880129;0.00306295;0.0012259
balkon-24h-1m;20-11-2024;17:52:1;60;433920000;0.000856749;0.00254486;0.00112982
balkon-24h-1m;20-11-2024;17:53:16;60;433920000;0.000849277;0.0023091;0.00116478
balkon-24h-1m;20-11-2024;17:54:31;60;433920000;0.00091106;0.00293694;0.00134923
balkon-24h-1m;20-11-2024;17:55:46;60;433920000;0.000912225;0.00224047;0.00118688
balkon-24h-1m;20-11-2024;17:57:1;60;433920000;0.00091243;0.0022868;0.00118547
balkon-24h-1m;20-11-2024;17:58:16;60;433920000;0.000909074;0.00234026;0.0012051
balkon-24h-1m;20-11-2024;17:59:31;60;433920000;0.000877077;0.00256738;0.00119998
balkon-24h-1m;20-11-2024;18:0:46;60;433920000;0.000876036;0.00249896;0.00117259
balkon-24h-1m;20-11-2024;18:2:1;60;433920000;0.000899551;0.00251317;0.00118264
balkon-24h-1m;20-11-2024;18:3:16;60;433920000;0.000893724;0.00238297;0.00118328
balkon-24h-1m;20-11-2024;18:4:31;60;433920000;0.000903919;0.0023167;0.00119432
balkon-24h-1m;20-11-2024;18:5:46;60;433920000;0.000912985;0.00228002;0.00122814
balkon-24h-1m;20-11-2024;18:7:1;60;433920000;0.000941395;0.0231869;0.0012188
balkon-24h-1m;20-11-2024;18:8:16;60;433920000;0.000904109;0.00234809;0.00117922
balkon-24h-1m;20-11-2024;18:9:31;60;433920000;0.000875348;0.00207263;0.00112795
balkon-24h-1m;20-11-2024;18:10:46;60;433920000;0.000885192;0.00223845;0.00117809
balkon-24h-1m;20-11-2024;18:12:1;60;433920000;0.000896749;0.00216912;0.00112702
balkon-24h-1m;20-11-2024;18:13:16;60;433920000;0.000879294;0.00225358;0.00113699
balkon-24h-1m;20-11-2024;18:14:31;60;433920000;0.00086523;0.00206128;0.00109425
balkon-24h-1m;20-11-2024;18:15:46;60;433920000;0.000864347;0.00223644;0.00110601
balkon-24h-1m;20-11-2024;18:17:1;60;433920000;0.000909913;0.0389985;0.0029297
balkon-24h-1m;20-11-2024;18:18:16;60;433920000;0.00087192;0.00219637;0.00109569
balkon-24h-1m;20-11-2024;18:19:31;60;433920000;0.000897459;0.00218222;0.00114871
balkon-24h-1m;20-11-2024;18:20:46;60;433920000;0.000909925;0.00234171;0.00118538
balkon-24h-1m;20-11-2024;18:22:1;60;433920000;0.000904034;0.0023202;0.0012009
balkon-24h-1m;20-11-2024;18:23:16;60;433920000;0.000886046;0.00217234;0.00116613
balkon-24h-1m;20-11-2024;18:24:31;60;433920000;0.000914588;0.00231142;0.00115993
balkon-24h-1m;20-11-2024;18:25:46;60;433920000;0.000875917;0.0023556;0.00112888
balkon-24h-1m;20-11-2024;18:27:1;60;433920000;0.000870309;0.00396552;0.00121666
balkon-24h-1m;20-11-2024;18:28:16;60;433920000;0.000848687;0.00214145;0.00114624
balkon-24h-1m;20-11-2024;18:29:31;60;433920000;0.000876168;0.00836282;0.00153069
balkon-24h-1m;20-11-2024;18:30:46;60;433920000;0.000801331;0.0020981;0.00112482
balkon-24h-1m;20-11-2024;18:32:1;60;433920000;0.000890534;0.00224142;0.00118816
balkon-24h-1m;20-11-2024;18:33:16;60;433920000;0.000928419;0.00221911;0.00117957
balkon-24h-1m;20-11-2024;18:34:31;60;433920000;0.00087817;0.00233712;0.00116014
balkon-24h-1m;20-11-2024;18:35:46;60;433920000;0.000892612;0.00222693;0.00114055
balkon-24h-1m;20-11-2024;18:37:1;60;433920000;0.000869958;0.0022879;0.00114061
balkon-24h-1m;20-11-2024;18:38:16;60;433920000;0.000901857;0.00213825;0.00118023
balkon-24h-1m;20-11-2024;18:39:31;60;433920000;0.000905684;0.00216732;0.00115033
balkon-24h-1m;20-11-2024;18:40:46;60;433920000;0.000923231;0.00270636;0.00128513
balkon-24h-1m;20-11-2024;18:42:1;60;433920000;0.000943829;0.00222507;0.00120801
balkon-24h-1m;20-11-2024;18:43:16;60;433920000;0.000943854;0.00283383;0.00120601
balkon-24h-1m;20-11-2024;18:44:31;60;433920000;0.000944775;0.00223341;0.0012098
balkon-24h-1m;20-11-2024;18:45:46;60;433920000;0.000928116;0.0022675;0.00115959
balkon-24h-1m;20-11-2024;18:47:1;60;433920000;0.000932388;0.0122355;0.00153231
balkon-24h-1m;20-11-2024;18:48:16;60;433920000;0.000903937;0.00217806;0.00117348
balkon-24h-1m;20-11-2024;18:49:31;60;433920000;0.000951602;0.00247687;0.00123605
balkon-24h-1m;20-11-2024;18:50:46;60;433920000;0.000959698;0.00228027;0.00119834
balkon-24h-1m;20-11-2024;18:52:1;60;433920000;0.000945466;0.00221014;0.00115755
balkon-24h-1m;20-11-2024;18:53:16;60;433920000;0.000960804;0.00232247;0.00119533
balkon-24h-1m;20-11-2024;18:54:31;60;433920000;0.000946001;0.00230073;0.00120158
balkon-24h-1m;20-11-2024;18:55:46;60;433920000;0.0009341;0.00288102;0.00119427
balkon-24h-1m;20-11-2024;18:57:1;60;433920000;0.000930729;0.002259;0.00117262
balkon-24h-1m;20-11-2024;18:58:16;60;433920000;0.000911146;0.00223242;0.00116286
balkon-24h-1m;20-11-2024;18:59:31;60;433920000;0.000981892;0.0021731;0.00121834
balkon-24h-1m;20-11-2024;19:0:46;60;433920000;0.000941656;0.00258147;0.00125133
balkon-24h-1m;20-11-2024;19:2:1;60;433920000;0.000943126;0.00223004;0.00121037
balkon-24h-1m;20-11-2024;19:3:16;60;433920000;0.000940783;0.00244316;0.00118534
balkon-24h-1m;20-11-2024;19:4:31;60;433920000;0.00094242;0.00236758;0.00118139
balkon-24h-1m;20-11-2024;19:5:46;60;433920000;0.000941029;0.00250268;0.00118209
balkon-24h-1m;20-11-2024;19:7:1;60;433920000;0.000967614;0.00268644;0.00122811
balkon-24h-1m;20-11-2024;19:8:16;60;433920000;0.000961445;0.00227858;0.00120302
balkon-24h-1m;20-11-2024;19:9:31;60;433920000;0.000995003;0.00237201;0.00127087
balkon-24h-1m;20-11-2024;19:10:46;60;433920000;0.000853827;0.00317024;0.00119767
balkon-24h-1m;20-11-2024;19:12:1;60;433920000;0.000842301;0.00227613;0.00119054
balkon-24h-1m;20-11-2024;19:13:16;60;433920000;0.000822351;0.00241293;0.00112687
balkon-24h-1m;20-11-2024;19:14:31;60;433920000;0.000876249;0.00236585;0.00118336
balkon-24h-1m;20-11-2024;19:15:46;60;433920000;0.000914102;0.00232122;0.00119555
balkon-24h-1m;20-11-2024;19:17:1;60;433920000;0.00089475;0.00234173;0.00121566
balkon-24h-1m;20-11-2024;19:18:16;60;433920000;0.000889395;0.00238862;0.00119044
balkon-24h-1m;20-11-2024;19:19:31;60;433920000;0.000867012;0.00363444;0.00120278
balkon-24h-1m;20-11-2024;19:20:46;60;433920000;0.000891618;0.00231161;0.00122225
balkon-24h-1m;20-11-2024;19:22:1;60;433920000;0.000857604;0.0021981;0.00116785
balkon-24h-1m;20-11-2024;19:23:16;60;433920000;0.000876095;0.00209127;0.00117423
balkon-24h-1m;20-11-2024;19:24:32;60;433920000;0.000865393;0.00212984;0.00119464
balkon-24h-1m;20-11-2024;19:25:47;60;433920000;0.000932963;0.00254471;0.00125029
balkon-24h-1m;20-11-2024;19:27:2;60;433920000;0.000861584;0.00239688;0.00124312
balkon-24h-1m;20-11-2024;19:28:17;60;433920000;0.000929638;0.00240172;0.00122699
balkon-24h-1m;20-11-2024;19:29:32;60;433920000;0.000898198;0.00228492;0.00121117
balkon-24h-1m;20-11-2024;19:30:47;60;433920000;0.000916498;0.00224506;0.00123482
balkon-24h-1m;20-11-2024;19:32:2;60;433920000;0.000875304;0.00229335;0.00127292
balkon-24h-1m;20-11-2024;19:33:17;60;433920000;0.000950398;0.00225497;0.00121785
balkon-24h-1m;20-11-2024;19:34:32;60;433920000;0.00088736;0.0032885;0.00133665
balkon-24h-1m;20-11-2024;19:35:47;60;433920000;0.000885079;0.00321994;0.00127104
balkon-24h-1m;20-11-2024;19:37:2;60;433920000;0.000896734;0.00224622;0.00119361
balkon-24h-1m;20-11-2024;19:38:17;60;433920000;0.000926408;0.00229159;0.00122758
balkon-24h-1m;20-11-2024;19:39:32;60;433920000;0.000906338;0.00239624;0.0012618
balkon-24h-1m;20-11-2024;19:40:47;60;433920000;0.00096997;0.00241644;0.00131075
balkon-24h-1m;20-11-2024;19:42:2;60;433920000;0.000900042;0.00238135;0.00122444
balkon-24h-1m;20-11-2024;19:43:17;60;433920000;0.00095407;0.00224311;0.00120623
balkon-24h-1m;20-11-2024;19:44:32;60;433920000;0.000969325;0.00229442;0.0012327
balkon-24h-1m;20-11-2024;19:45:47;60;433920000;0.000942317;0.00230625;0.00123413
balkon-24h-1m;20-11-2024;19:47:2;60;433920000;0.00100468;0.00240794;0.00128416
balkon-24h-1m;20-11-2024;19:48:17;60;433920000;0.00108069;0.0023886;0.00135354
balkon-24h-1m;20-11-2024;19:49:32;60;433920000;0.00103874;0.0024979;0.00134237
balkon-24h-1m;20-11-2024;19:50:47;60;433920000;0.00103775;0.0024909;0.0013611
balkon-24h-1m;20-11-2024;19:52:2;60;433920000;0.00106658;0.00249323;0.00133011
balkon-24h-1m;20-11-2024;19:53:17;60;433920000;0.00102393;0.00236931;0.00129645
balkon-24h-1m;20-11-2024;19:54:32;60;433920000;0.00101152;0.0024373;0.00131232
balkon-24h-1m;20-11-2024;19:55:47;60;433920000;0.000972563;0.00279561;0.0013044
balkon-24h-1m;20-11-2024;19:57:2;60;433920000;0.00106404;0.00248114;0.00131543
balkon-24h-1m;20-11-2024;19:58:17;60;433920000;0.00105229;0.00264486;0.00131815
balkon-24h-1m;20-11-2024;19:59:32;60;433920000;0.00101594;0.00264361;0.00135518
balkon-24h-1m;20-11-2024;20:0:47;60;433920000;0.00105102;0.00911163;0.00179472
balkon-24h-1m;20-11-2024;20:2:2;60;433920000;0.00098201;0.00820395;0.00159021
balkon-24h-1m;20-11-2024;20:3:17;60;433920000;0.000999567;0.00270161;0.00131366
balkon-24h-1m;20-11-2024;20:4:32;60;433920000;0.00100848;0.00265258;0.00133981
balkon-24h-1m;20-11-2024;20:5:47;60;433920000;0.00101813;0.00263082;0.0013522
balkon-24h-1m;20-11-2024;20:7:2;60;433920000;0.000976358;0.00240137;0.00128385
balkon-24h-1m;20-11-2024;20:8:17;60;433920000;0.00100135;0.00242744;0.00128352
balkon-24h-1m;20-11-2024;20:9:32;60;433920000;0.000937428;0.0243837;0.00249611
balkon-24h-1m;20-11-2024;20:10:47;60;433920000;0.000974847;0.00394442;0.00136656
balkon-24h-1m;20-11-2024;20:12:2;60;433920000;0.000917903;0.00248835;0.00124726
balkon-24h-1m;20-11-2024;20:13:17;60;433920000;0.000928482;0.00236197;0.00121744
balkon-24h-1m;20-11-2024;20:14:32;60;433920000;0.000954366;0.00231902;0.00121562
balkon-24h-1m;20-11-2024;20:15:47;60;433920000;0.000971218;0.00311571;0.00132442
balkon-24h-1m;20-11-2024;20:17:2;60;433920000;0.00086792;0.0021133;0.00115238
balkon-24h-1m;20-11-2024;20:18:17;60;433920000;0.000868497;0.0017255;0.00113972
balkon-24h-1m;20-11-2024;20:19:32;60;433920000;0.00084969;0.00213401;0.00113152
balkon-24h-1m;20-11-2024;20:20:47;60;433920000;0.000860038;0.00212203;0.0011236
balkon-24h-1m;20-11-2024;20:22:2;60;433920000;0.000897341;0.00230338;0.00126837
balkon-24h-1m;20-11-2024;20:23:17;60;433920000;0.000943328;0.0022341;0.00123457
balkon-24h-1m;20-11-2024;20:24:32;60;433920000;0.000941125;0.00224747;0.00123014
balkon-24h-1m;20-11-2024;20:25:47;60;433920000;0.000959536;0.0180746;0.00191582
balkon-24h-1m;20-11-2024;20:27:2;60;433920000;0.000975662;0.00229684;0.00125007
balkon-24h-1m;20-11-2024;20:28:17;60;433920000;0.000951737;0.0147171;0.0015429
balkon-24h-1m;20-11-2024;20:29:32;60;433920000;0.000928179;0.00245303;0.00122406
balkon-24h-1m;20-11-2024;20:30:47;60;433920000;0.000958902;0.00291622;0.00127279
balkon-24h-1m;20-11-2024;20:32:2;60;433920000;0.000970397;0.00221809;0.00123924
balkon-24h-1m;20-11-2024;20:33:17;60;433920000;0.000945039;0.00244281;0.00125214
balkon-24h-1m;20-11-2024;20:34:32;60;433920000;0.000966367;0.00243375;0.0012914
balkon-24h-1m;20-11-2024;20:35:47;60;433920000;0.00100278;0.00257354;0.00131806
balkon-24h-1m;20-11-2024;20:37:2;60;433920000;0.00101921;0.0022865;0.00130917
balkon-24h-1m;20-11-2024;20:38:17;60;433920000;0.000969265;0.00219945;0.00128353
balkon-24h-1m;20-11-2024;20:39:32;60;433920000;0.000954358;0.00235286;0.00125804
balkon-24h-1m;20-11-2024;20:40:47;60;433920000;0.000941855;0.00236664;0.00126888
balkon-24h-1m;20-11-2024;20:42:2;60;433920000;0.000935729;0.00242314;0.00123406
balkon-24h-1m;20-11-2024;20:43:17;60;433920000;0.000935983;0.00228357;0.00124449
balkon-24h-1m;20-11-2024;20:44:32;60;433920000;0.000970293;0.0126216;0.00231821
balkon-24h-1m;20-11-2024;20:45:47;60;433920000;0.000936176;0.00231496;0.00121724
balkon-24h-1m;20-11-2024;20:47:2;60;433920000;0.000920684;0.0033022;0.00127536
balkon-24h-1m;20-11-2024;20:48:17;60;433920000;0.000932016;0.00237727;0.0012668
balkon-24h-1m;20-11-2024;20:49:32;60;433920000;0.000923755;0.00244518;0.0012425
balkon-24h-1m;20-11-2024;20:50:47;60;433920000;0.000920765;0.0022717;0.00121654
balkon-24h-1m;20-11-2024;20:52:2;60;433920000;0.00089602;0.00258521;0.0012247
balkon-24h-1m;20-11-2024;20:53:17;60;433920000;0.000920063;0.00232262;0.00120584
balkon-24h-1m;20-11-2024;20:54:32;60;433920000;0.000916473;0.00238498;0.00122818
balkon-24h-1m;20-11-2024;20:55:47;60;433920000;0.000932622;0.00243787;0.00126183
balkon-24h-1m;20-11-2024;20:57:2;60;433920000;0.000928869;0.00226709;0.00124759
balkon-24h-1m;20-11-2024;20:58:17;60;433920000;0.000912501;0.00230365;0.00125768
balkon-24h-1m;20-11-2024;20:59:32;60;433920000;0.000935601;0.00223498;0.00127238
balkon-24h-1m;20-11-2024;21:0:47;60;433920000;0.000910389;0.00285825;0.00121081
balkon-24h-1m;20-11-2024;21:2:2;60;433920000;0.000880397;0.00210616;0.00119155
balkon-24h-1m;20-11-2024;21:3:17;60;433920000;0.000871111;0.00207454;0.00113699
balkon-24h-1m;20-11-2024;21:4:32;60;433920000;0.000865388;0.00205553;0.00114381
balkon-24h-1m;20-11-2024;21:5:47;60;433920000;0.000871055;0.00203574;0.00113678
balkon-24h-1m;20-11-2024;21:7:2;60;433920000;0.000849047;0.0021014;0.00112251
balkon-24h-1m;20-11-2024;21:8:17;60;433920000;0.000860445;0.0020285;0.00115287
balkon-24h-1m;20-11-2024;21:9:32;60;433920000;0.000940156;0.00207927;0.00114064
balkon-24h-1m;20-11-2024;21:10:47;60;433920000;0.000943276;0.00224821;0.00118372
balkon-24h-1m;20-11-2024;21:12:2;60;433920000;0.000874829;0.00246752;0.00118948
balkon-24h-1m;20-11-2024;21:13:17;60;433920000;0.000954395;0.00206534;0.00119351
balkon-24h-1m;20-11-2024;21:14:32;60;433920000;0.000918961;0.0018443;0.00112091
balkon-24h-1m;20-11-2024;21:15:47;60;433920000;0.000917667;0.00219933;0.00116031
balkon-24h-1m;20-11-2024;21:17:2;60;433920000;0.000874104;0.00325889;0.00125824
balkon-24h-1m;20-11-2024;21:18:17;60;433920000;0.000869368;0.00225239;0.00115541
balkon-24h-1m;20-11-2024;21:19:32;60;433920000;0.000888524;0.00233763;0.00117788
balkon-24h-1m;20-11-2024;21:20:47;60;433920000;0.000895478;0.00219368;0.00115099
balkon-24h-1m;20-11-2024;21:22:2;60;433920000;0.000847045;0.00222268;0.00115211
balkon-24h-1m;20-11-2024;21:23:17;60;433920000;0.000915534;0.00238536;0.00116488
balkon-24h-1m;20-11-2024;21:24:32;60;433920000;0.000901279;0.0023749;0.00120488
balkon-24h-1m;20-11-2024;21:25:47;60;433920000;0.00087702;0.00258223;0.00119495
balkon-24h-1m;20-11-2024;21:27:2;60;433920000;0.000902399;0.00228097;0.00115413
balkon-24h-1m;20-11-2024;21:28:17;60;433920000;0.000860385;0.00239986;0.00115675
balkon-24h-1m;20-11-2024;21:29:32;60;433920000;0.00093189;0.00231676;0.00118063
balkon-24h-1m;20-11-2024;21:30:47;60;433920000;0.000839622;0.00218956;0.00114893
balkon-24h-1m;20-11-2024;21:32:2;60;433920000;0.00084833;0.00235778;0.00116163
balkon-24h-1m;20-11-2024;21:33:17;60;433920000;0.000853196;0.00232085;0.00113992
balkon-24h-1m;20-11-2024;21:34:32;60;433920000;0.000869364;0.00221589;0.0011396
balkon-24h-1m;20-11-2024;21:35:47;60;433920000;0.000831099;0.0135835;0.00188164
balkon-24h-1m;20-11-2024;21:37:2;60;433920000;0.00086992;0.00232117;0.00113591
balkon-24h-1m;20-11-2024;21:38:17;60;433920000;0.000868551;0.00218046;0.00114773
balkon-24h-1m;20-11-2024;21:39:32;60;433920000;0.00086545;0.0023991;0.00117304
balkon-24h-1m;20-11-2024;21:40:48;60;433920000;0.000883637;0.00233708;0.00118197
balkon-24h-1m;20-11-2024;21:42:3;60;433920000;0.000876826;0.00547329;0.00148106
balkon-24h-1m;20-11-2024;21:43:18;60;433920000;0.000892015;0.00610192;0.00141988
balkon-24h-1m;20-11-2024;21:44:33;60;433920000;0.000897089;0.00238572;0.00119084
balkon-24h-1m;20-11-2024;21:45:48;60;433920000;0.000890168;0.00239736;0.00117191
balkon-24h-1m;20-11-2024;21:47:3;60;433920000;0.000901882;0.00227717;0.00118187
balkon-24h-1m;20-11-2024;21:48:18;60;433920000;0.000867413;0.00257245;0.00119426
balkon-24h-1m;20-11-2024;21:49:33;60;433920000;0.000888553;0.00229642;0.00119046
balkon-24h-1m;20-11-2024;21:50:48;60;433920000;0.000888457;0.00229034;0.00118289
balkon-24h-1m;20-11-2024;21:52:3;60;433920000;0.0008998;0.00226881;0.00114551
balkon-24h-1m;20-11-2024;21:53:18;60;433920000;0.00083964;0.00233069;0.00113559
balkon-24h-1m;20-11-2024;21:54:33;60;433920000;0.000908778;0.00249295;0.00119809
balkon-24h-1m;20-11-2024;21:55:48;60;433920000;0.00091933;0.00239454;0.00121499
balkon-24h-1m;20-11-2024;21:57:3;60;433920000;0.000895392;0.0022154;0.00121011
balkon-24h-1m;20-11-2024;21:58:18;60;433920000;0.000856679;0.00247845;0.00116414
balkon-24h-1m;20-11-2024;21:59:33;60;433920000;0.000888144;0.00235218;0.00116039
balkon-24h-1m;20-11-2024;22:0:48;60;433920000;0.000862646;0.0021747;0.00114932
balkon-24h-1m;20-11-2024;22:2:3;60;433920000;0.000829501;0.0020196;0.00113395
balkon-24h-1m;20-11-2024;22:3:18;60;433920000;0.000902611;0.00216008;0.00117733
balkon-24h-1m;20-11-2024;22:4:33;60;433920000;0.000859581;0.00217009;0.00116564
balkon-24h-1m;20-11-2024;22:5:48;60;433920000;0.000946235;0.00253343;0.00123977
balkon-24h-1m;20-11-2024;22:7:3;60;433920000;0.000934675;0.00236018;0.00123387
balkon-24h-1m;20-11-2024;22:8:18;60;433920000;0.00095738;0.00226344;0.00123136
balkon-24h-1m;20-11-2024;22:9:33;60;433920000;0.00097215;0.00232244;0.00121207
balkon-24h-1m;20-11-2024;22:10:48;60;433920000;0.00091474;0.00252254;0.00122881
balkon-24h-1m;20-11-2024;22:12:3;60;433920000;0.000929343;0.0023252;0.00124602
balkon-24h-1m;20-11-2024;22:13:18;60;433920000;0.000932453;0.00230536;0.00121658
balkon-24h-1m;20-11-2024;22:14:33;60;433920000;0.000912262;0.00248512;0.00121488
balkon-24h-1m;20-11-2024;22:15:48;60;433920000;0.000934701;0.0024608;0.00123308
balkon-24h-1m;20-11-2024;22:17:3;60;433920000;0.000868584;0.00230336;0.00120089
balkon-24h-1m;20-11-2024;22:18:18;60;433920000;0.000905552;0.00239675;0.00125349
balkon-24h-1m;20-11-2024;22:19:33;60;433920000;0.000944397;0.00242037;0.00124526
balkon-24h-1m;20-11-2024;22:20:48;60;433920000;0.000914134;0.00205163;0.00118541
balkon-24h-1m;20-11-2024;22:22:3;60;433920000;0.000897972;0.00221191;0.0012232
balkon-24h-1m;20-11-2024;22:23:18;60;433920000;0.00091506;0.00214951;0.00119296
balkon-24h-1m;20-11-2024;22:24:33;60;433920000;0.000917434;0.00192851;0.00118489
balkon-24h-1m;20-11-2024;22:25:48;60;433920000;0.00092952;0.00173459;0.00114539
balkon-24h-1m;20-11-2024;22:27:3;60;433920000;0.000924023;0.00212589;0.00114521
balkon-24h-1m;20-11-2024;22:28:18;60;433920000;0.000903859;0.00239009;0.00120474
balkon-24h-1m;20-11-2024;22:29:33;60;433920000;0.00082398;0.00216335;0.00123175
balkon-24h-1m;20-11-2024;22:30:48;60;433920000;0.000867772;0.00426919;0.00120557
balkon-24h-1m;20-11-2024;22:32:3;60;433920000;0.00085614;0.00250798;0.00117899
balkon-24h-1m;20-11-2024;22:33:18;60;433920000;0.000845144;0.00209774;0.00116223
balkon-24h-1m;20-11-2024;22:34:33;60;433920000;0.000896966;0.00228034;0.00119451
balkon-24h-1m;20-11-2024;22:35:48;60;433920000;0.000905333;0.00229064;0.00122614
balkon-24h-1m;20-11-2024;22:37:3;60;433920000;0.000861048;0.00227771;0.00120504
balkon-24h-1m;20-11-2024;22:38:18;60;433920000;0.000926888;0.00234525;0.00121571
balkon-24h-1m;20-11-2024;22:39:33;60;433920000;0.000910608;0.00223016;0.00120394
balkon-24h-1m;20-11-2024;22:40:48;60;433920000;0.000920088;0.00237688;0.00124368
balkon-24h-1m;20-11-2024;22:42:3;60;433920000;0.000948935;0.00247016;0.00131809
balkon-24h-1m;20-11-2024;22:43:18;60;433920000;0.000950701;0.0022144;0.00125554
balkon-24h-1m;20-11-2024;22:44:33;60;433920000;0.000935464;0.00297576;0.00138265
balkon-24h-1m;20-11-2024;22:45:48;60;433920000;0.000939009;0.00235604;0.00124593
balkon-24h-1m;20-11-2024;22:47:3;60;433920000;0.000925012;0.00220214;0.00128116
balkon-24h-1m;20-11-2024;22:48:18;60;433920000;0.000945919;0.00230538;0.00130464
balkon-24h-1m;20-11-2024;22:49:33;60;433920000;0.000947617;0.00388755;0.00138058
balkon-24h-1m;20-11-2024;22:50:48;60;433920000;0.000953252;0.00259155;0.00129467
balkon-24h-1m;20-11-2024;22:52:3;60;433920000;0.000963048;0.00272438;0.0015193
balkon-24h-1m;20-11-2024;22:53:18;60;433920000;0.000945084;0.00288917;0.00141857
balkon-24h-1m;20-11-2024;22:54:33;60;433920000;0.00101808;0.00315211;0.00154504
balkon-24h-1m;20-11-2024;22:55:48;60;433920000;0.00101825;0.00266323;0.00142341
balkon-24h-1m;20-11-2024;22:57:3;60;433920000;0.000995264;0.00222441;0.00145609
balkon-24h-1m;20-11-2024;22:58:18;60;433920000;0.000952562;0.00221329;0.00133789
balkon-24h-1m;20-11-2024;22:59:33;60;433920000;0.000921793;0.00223051;0.00127838
balkon-24h-1m;20-11-2024;23:0:48;60;433920000;0.000960637;0.00241792;0.00133953
balkon-24h-1m;20-11-2024;23:2:3;60;433920000;0.000958639;0.00231704;0.00137808
balkon-24h-1m;20-11-2024;23:3:18;60;433920000;0.000959228;0.00229343;0.00135964
balkon-24h-1m;20-11-2024;23:4:33;60;433920000;0.000930698;0.00241952;0.00134093
balkon-24h-1m;20-11-2024;23:5:48;60;433920000;0.000935443;0.00216003;0.00123979
balkon-24h-1m;20-11-2024;23:7:3;60;433920000;0.000937421;0.00223672;0.00128549
balkon-24h-1m;20-11-2024;23:8:18;60;433920000;0.000947765;0.00254686;0.00126563
balkon-24h-1m;20-11-2024;23:9:33;60;433920000;0.000835445;0.00199727;0.00104412
balkon-24h-1m;20-11-2024;23:10:48;60;433920000;0.00080482;0.0020817;0.00106463
balkon-24h-1m;20-11-2024;23:12:3;60;433920000;0.000810457;0.00811533;0.00144719
balkon-24h-1m;20-11-2024;23:13:18;60;433920000;0.00083731;0.00249236;0.00132103
balkon-24h-1m;20-11-2024;23:14:33;60;433920000;0.000931974;0.00268496;0.0012745
balkon-24h-1m;20-11-2024;23:15:48;60;433920000;0.000899024;0.00424403;0.00142543
balkon-24h-1m;20-11-2024;23:17:3;60;433920000;0.000962927;0.00977219;0.00198604
balkon-24h-1m;20-11-2024;23:18:18;60;433920000;0.000953411;0.0029975;0.00139596
balkon-24h-1m;20-11-2024;23:19:33;60;433920000;0.000860312;0.00268617;0.00124739
balkon-24h-1m;20-11-2024;23:20:48;60;433920000;0.000931351;0.00388759;0.00142895
balkon-24h-1m;20-11-2024;23:22:3;60;433920000;0.00096885;0.0032329;0.00137394
balkon-24h-1m;20-11-2024;23:23:18;60;433920000;0.000922882;0.00306311;0.00137922
balkon-24h-1m;20-11-2024;23:24:33;60;433920000;0.000942821;0.00273582;0.00140646
balkon-24h-1m;20-11-2024;23:25:48;60;433920000;0.000929741;0.00290005;0.00159892
balkon-24h-1m;20-11-2024;23:27:3;60;433920000;0.000939048;0.00288028;0.0016886
balkon-24h-1m;20-11-2024;23:28:18;60;433920000;0.000877342;0.00455045;0.00146974
balkon-24h-1m;20-11-2024;23:29:33;60;433920000;0.000899356;0.00403921;0.00166597
balkon-24h-1m;20-11-2024;23:30:48;60;433920000;0.000928567;0.00267582;0.00137099
balkon-24h-1m;20-11-2024;23:32:3;60;433920000;0.000956206;0.00301588;0.00161997
balkon-24h-1m;20-11-2024;23:33:18;60;433920000;0.000954516;0.00310986;0.00190905
balkon-24h-1m;20-11-2024;23:34:33;60;433920000;0.000880052;0.00299082;0.00158905
balkon-24h-1m;20-11-2024;23:35:48;60;433920000;0.000909759;0.00279323;0.0014904
balkon-24h-1m;20-11-2024;23:37:3;60;433920000;0.000871852;0.00252065;0.00149161
balkon-24h-1m;20-11-2024;23:38:18;60;433920000;0.000879994;0.00265164;0.00140701
balkon-24h-1m;20-11-2024;23:39:33;60;433920000;0.000896142;0.00261145;0.00154353
balkon-24h-1m;20-11-2024;23:40:48;60;433920000;0.000901701;0.00261421;0.0015541
balkon-24h-1m;20-11-2024;23:42:3;60;433920000;0.00089757;0.00287153;0.00157122
balkon-24h-1m;20-11-2024;23:43:18;60;433920000;0.000913295;0.00281421;0.00164616
balkon-24h-1m;20-11-2024;23:44:33;60;433920000;0.000907459;0.00274241;0.00157904
balkon-24h-1m;20-11-2024;23:45:48;60;433920000;0.000881667;0.00277917;0.00147723
balkon-24h-1m;20-11-2024;23:47:3;60;433920000;0.000884548;0.00272185;0.00152308
balkon-24h-1m;20-11-2024;23:48:18;60;433920000;0.000896313;0.00314392;0.00173603
balkon-24h-1m;20-11-2024;23:49:33;60;433920000;0.000876661;0.00280756;0.00139715
balkon-24h-1m;20-11-2024;23:50:48;60;433920000;0.000901258;0.00308294;0.0014997
balkon-24h-1m;20-11-2024;23:52:3;60;433920000;0.000929689;0.00306096;0.0015455
balkon-24h-1m;20-11-2024;23:53:18;60;433920000;0.00090851;0.00309236;0.00174724
balkon-24h-1m;20-11-2024;23:54:33;60;433920000;0.00089777;0.00306873;0.00143751
balkon-24h-1m;20-11-2024;23:55:48;60;433920000;0.00085792;0.00303097;0.0013192
balkon-24h-1m;20-11-2024;23:57:4;60;433920000;0.000851947;0.00211146;0.00117605
balkon-24h-1m;20-11-2024;23:58:19;60;433920000;0.000891555;0.00319067;0.00128
balkon-24h-1m;20-11-2024;23:59:34;60;433920000;0.000828669;0.00226581;0.00110794
balkon-24h-1m;21-11-2024;0:0:49;60;433920000;0.000855392;0.00225283;0.00114012
balkon-24h-1m;21-11-2024;0:2:4;60;433920000;0.000826706;0.0023255;0.00114812
balkon-24h-1m;21-11-2024;0:3:19;60;433920000;0.000860565;0.00226366;0.00111028
balkon-24h-1m;21-11-2024;0:4:34;60;433920000;0.000864108;0.00243472;0.001127
balkon-24h-1m;21-11-2024;0:5:49;60;433920000;0.000817322;0.00231244;0.0011402
balkon-24h-1m;21-11-2024;0:7:4;60;433920000;0.000843639;0.00317228;0.00124035
balkon-24h-1m;21-11-2024;0:8:19;60;433920000;0.000843384;0.00247765;0.00119613
balkon-24h-1m;21-11-2024;0:9:34;60;433920000;0.000834154;0.0024846;0.00119331
balkon-24h-1m;21-11-2024;0:10:49;60;433920000;0.000847673;0.00230716;0.001142
balkon-24h-1m;21-11-2024;0:12:4;60;433920000;0.000855115;0.00228139;0.00114034
balkon-24h-1m;21-11-2024;0:13:19;60;433920000;0.000855604;0.00223719;0.0011777
balkon-24h-1m;21-11-2024;0:14:34;60;433920000;0.000852798;0.00220411;0.0011605
balkon-24h-1m;21-11-2024;0:15:49;60;433920000;0.000822416;0.00228669;0.00114343
balkon-24h-1m;21-11-2024;0:17:4;60;433920000;0.000831765;0.00240999;0.00116348
balkon-24h-1m;21-11-2024;0:18:19;60;433920000;0.000846278;0.0023535;0.00120856
balkon-24h-1m;21-11-2024;0:19:34;60;433920000;0.000856684;0.002285;0.00120173
balkon-24h-1m;21-11-2024;0:20:49;60;433920000;0.000864225;0.00229413;0.00113955
balkon-24h-1m;21-11-2024;0:22:4;60;433920000;0.000872036;0.00225136;0.00123178
balkon-24h-1m;21-11-2024;0:23:19;60;433920000;0.000880394;0.00233809;0.001178
balkon-24h-1m;21-11-2024;0:24:34;60;433920000;0.00088744;0.00223199;0.00118581
balkon-24h-1m;21-11-2024;0:25:49;60;433920000;0.000857549;0.00236136;0.00115994
balkon-24h-1m;21-11-2024;0:27:4;60;433920000;0.000877927;0.00303651;0.00126324
balkon-24h-1m;21-11-2024;0:28:19;60;433920000;0.000886331;0.00216571;0.00112719
balkon-24h-1m;21-11-2024;0:29:34;60;433920000;0.000857072;0.00220046;0.00111054
balkon-24h-1m;21-11-2024;0:30:49;60;433920000;0.000861791;0.00220477;0.00110963
balkon-24h-1m;21-11-2024;0:32:4;60;433920000;0.000863402;0.00227801;0.00114219
balkon-24h-1m;21-11-2024;0:33:19;60;433920000;0.000881903;0.00223367;0.00113419
balkon-24h-1m;21-11-2024;0:34:34;60;433920000;0.000871769;0.00221738;0.00113164
balkon-24h-1m;21-11-2024;0:35:49;60;433920000;0.000654335;0.00238382;0.00106157
balkon-24h-1m;21-11-2024;0:37:4;60;433920000;0.000669875;0.00203471;0.000912954
balkon-24h-1m;21-11-2024;0:38:19;60;433920000;0.000694448;0.0147023;0.00144677
balkon-24h-1m;21-11-2024;0:39:34;60;433920000;0.000693192;0.00192598;0.000931866
balkon-24h-1m;21-11-2024;0:40:49;60;433920000;0.000680199;0.00448776;0.00105123
balkon-24h-1m;21-11-2024;0:42:4;60;433920000;0.000687658;0.00202927;0.000912577
balkon-24h-1m;21-11-2024;0:43:19;60;433920000;0.00069303;0.00201802;0.000950938
balkon-24h-1m;21-11-2024;0:44:34;60;433920000;0.000681758;0.00207657;0.000951177
balkon-24h-1m;21-11-2024;0:45:49;60;433920000;0.00068248;0.00200519;0.00093314
balkon-24h-1m;21-11-2024;0:47:4;60;433920000;0.000685956;0.00197696;0.000929167
balkon-24h-1m;21-11-2024;0:48:19;60;433920000;0.000690347;0.0020217;0.000922581
balkon-24h-1m;21-11-2024;0:49:34;60;433920000;0.000668152;0.0021015;0.000931371
balkon-24h-1m;21-11-2024;0:50:49;60;433920000;0.000670904;0.00202922;0.000918165
balkon-24h-1m;21-11-2024;0:52:4;60;433920000;0.000624545;0.00204029;0.000921019
balkon-24h-1m;21-11-2024;0:53:19;60;433920000;0.000622492;0.00225386;0.000926428
balkon-24h-1m;21-11-2024;0:54:34;60;433920000;0.000662416;0.00203471;0.000927898
balkon-24h-1m;21-11-2024;0:55:49;60;433920000;0.000620562;0.00194867;0.000902273
balkon-24h-1m;21-11-2024;0:57:4;60;433920000;0.00067025;0.00201815;0.000925319
balkon-24h-1m;21-11-2024;0:58:19;60;433920000;0.000658983;0.00209145;0.000918996
balkon-24h-1m;21-11-2024;0:59:34;60;433920000;0.00061101;0.00209139;0.000926364
balkon-24h-1m;21-11-2024;1:0:49;60;433920000;0.000630337;0.00216566;0.000930548
balkon-24h-1m;21-11-2024;1:2:4;60;433920000;0.000668878;0.00208059;0.000923185
balkon-24h-1m;21-11-2024;1:3:19;60;433920000;0.000632928;0.00203431;0.00092893
balkon-24h-1m;21-11-2024;1:4:34;60;433920000;0.000639816;0.00207205;0.000917043
balkon-24h-1m;21-11-2024;1:5:49;60;433920000;0.000649489;0.00198483;0.000906536
balkon-24h-1m;21-11-2024;1:7:4;60;433920000;0.000630303;0.00204451;0.000938353
balkon-24h-1m;21-11-2024;1:8:19;60;433920000;0.000664947;0.00202828;0.000939066
balkon-24h-1m;21-11-2024;1:9:34;60;433920000;0.000674119;0.002045;0.000912672
balkon-24h-1m;21-11-2024;1:10:49;60;433920000;0.000677726;0.00212706;0.00098003
balkon-24h-1m;21-11-2024;1:12:4;60;433920000;0.000681403;0.00222999;0.000947439
balkon-24h-1m;21-11-2024;1:13:19;60;433920000;0.000688492;0.00208312;0.000941658
balkon-24h-1m;21-11-2024;1:14:34;60;433920000;0.000663206;0.00218696;0.000946751
balkon-24h-1m;21-11-2024;1:15:49;60;433920000;0.000675404;0.00207928;0.000928428
balkon-24h-1m;21-11-2024;1:17:4;60;433920000;0.000630164;0.00203929;0.000932368
balkon-24h-1m;21-11-2024;1:18:19;60;433920000;0.000690034;0.00210156;0.000950331
balkon-24h-1m;21-11-2024;1:19:34;60;433920000;0.000670846;0.00214914;0.000954044
balkon-24h-1m;21-11-2024;1:20:49;60;433920000;0.000697855;0.00211536;0.000988221
balkon-24h-1m;21-11-2024;1:22:4;60;433920000;0.000685254;0.00210695;0.000985857
balkon-24h-1m;21-11-2024;1:23:19;60;433920000;0.000670931;0.00216958;0.000956908
balkon-24h-1m;21-11-2024;1:24:34;60;433920000;0.000694781;0.00215655;0.00094991
balkon-24h-1m;21-11-2024;1:25:49;60;433920000;0.000660755;0.00225982;0.000949665
balkon-24h-1m;21-11-2024;1:27:4;60;433920000;0.000693419;0.00215455;0.000973097
balkon-24h-1m;21-11-2024;1:28:19;60;433920000;0.000692013;0.00221811;0.000983277
balkon-24h-1m;21-11-2024;1:29:34;60;433920000;0.000695333;0.00241622;0.000959988
balkon-24h-1m;21-11-2024;1:30:49;60;433920000;0.000712738;0.00230595;0.00101334
balkon-24h-1m;21-11-2024;1:32:4;60;433920000;0.000696277;0.0022605;0.000999043
balkon-24h-1m;21-11-2024;1:33:19;60;433920000;0.000710662;0.00219827;0.0010034
balkon-24h-1m;21-11-2024;1:34:34;60;433920000;0.000694755;0.00220713;0.000966862
balkon-24h-1m;21-11-2024;1:35:49;60;433920000;0.000689711;0.00227756;0.000982352
balkon-24h-1m;21-11-2024;1:37:4;60;433920000;0.000700127;0.00219271;0.000978322
balkon-24h-1m;21-11-2024;1:38:19;60;433920000;0.000694088;0.00217963;0.000992205
balkon-24h-1m;21-11-2024;1:39:34;60;433920000;0.000701221;0.00228431;0.00100988
balkon-24h-1m;21-11-2024;1:40:49;60;433920000;0.000691768;0.00224575;0.00100237
balkon-24h-1m;21-11-2024;1:42:4;60;433920000;0.000694359;0.00222822;0.00100529
balkon-24h-1m;21-11-2024;1:43:19;60;433920000;0.000695001;0.00260779;0.00101197
balkon-24h-1m;21-11-2024;1:44:34;60;433920000;0.000675945;0.00226746;0.0009732
balkon-24h-1m;21-11-2024;1:45:49;60;433920000;0.000688137;0.00233185;0.00102201
balkon-24h-1m;21-11-2024;1:47:4;60;433920000;0.00068547;0.00215846;0.000955598
balkon-24h-1m;21-11-2024;1:48:19;60;433920000;0.000652499;0.00232507;0.00100378
balkon-24h-1m;21-11-2024;1:49:34;60;433920000;0.00072851;0.00206871;0.000970159
balkon-24h-1m;21-11-2024;1:50:49;60;433920000;0.000640147;0.00215285;0.000916023
balkon-24h-1m;21-11-2024;1:52:4;60;433920000;0.000636008;0.00221908;0.000892654
balkon-24h-1m;21-11-2024;1:53:19;60;433920000;0.000683492;0.00198218;0.000932028
balkon-24h-1m;21-11-2024;1:54:34;60;433920000;0.000674993;0.00196999;0.000947127
balkon-24h-1m;21-11-2024;1:55:49;60;433920000;0.000684809;0.00201207;0.000927523
balkon-24h-1m;21-11-2024;1:57:4;60;433920000;0.000699297;0.00457106;0.00109221
balkon-24h-1m;21-11-2024;1:58:19;60;433920000;0.000669583;0.00213074;0.000942265
balkon-24h-1m;21-11-2024;1:59:34;60;433920000;0.000669913;0.0019852;0.000935012
balkon-24h-1m;21-11-2024;2:0:49;60;433920000;0.000672065;0.00215345;0.000959413
balkon-24h-1m;21-11-2024;2:2:4;60;433920000;0.000695938;0.00207249;0.000925077
balkon-24h-1m;21-11-2024;2:3:19;60;433920000;0.000664665;0.00193097;0.00089506
balkon-24h-1m;21-11-2024;2:4:34;60;433920000;0.000680455;0.00206997;0.000949817
balkon-24h-1m;21-11-2024;2:5:49;60;433920000;0.000683713;0.00211914;0.000942564
balkon-24h-1m;21-11-2024;2:7:4;60;433920000;0.000680422;0.00203802;0.000929345
balkon-24h-1m;21-11-2024;2:8:19;60;433920000;0.000704412;0.00199353;0.000933345
balkon-24h-1m;21-11-2024;2:9:34;60;433920000;0.000697686;0.00203311;0.000955918
balkon-24h-1m;21-11-2024;2:10:49;60;433920000;0.000677589;0.00200295;0.00098708
balkon-24h-1m;21-11-2024;2:12:4;60;433920000;0.000674976;0.00206524;0.000947945
balkon-24h-1m;21-11-2024;2:13:19;60;433920000;0.000696818;0.00201701;0.000948998
balkon-24h-1m;21-11-2024;2:14:35;60;433920000;0.00070566;0.0020919;0.000969402
balkon-24h-1m;21-11-2024;2:15:50;60;433920000;0.000709195;0.00217232;0.000967415
balkon-24h-1m;21-11-2024;2:17:5;60;433920000;0.000713516;0.00205417;0.000988074
balkon-24h-1m;21-11-2024;2:18:20;60;433920000;0.000712956;0.00206994;0.000975254
balkon-24h-1m;21-11-2024;2:19:35;60;433920000;0.000714106;0.00209097;0.000956142
balkon-24h-1m;21-11-2024;2:20:50;60;433920000;0.000713431;0.00206214;0.000959589
balkon-24h-1m;21-11-2024;2:22:5;60;433920000;0.000709774;0.00210135;0.000976535
balkon-24h-1m;21-11-2024;2:23:20;60;433920000;0.000663421;0.00204696;0.000926034
balkon-24h-1m;21-11-2024;2:24:35;60;433920000;0.000654663;0.00209991;0.00097046
balkon-24h-1m;21-11-2024;2:25:50;60;433920000;0.000634294;0.00210132;0.000952837
balkon-24h-1m;21-11-2024;2:27:5;60;433920000;0.000650615;0.00215838;0.00095846
balkon-24h-1m;21-11-2024;2:28:20;60;433920000;0.000635214;0.00254085;0.000994665
balkon-24h-1m;21-11-2024;2:29:35;60;433920000;0.000630535;0.00213866;0.000964051
balkon-24h-1m;21-11-2024;2:30:50;60;433920000;0.000598124;0.00199521;0.000939178
balkon-24h-1m;21-11-2024;2:32:5;60;433920000;0.000615198;0.00202671;0.000909738
balkon-24h-1m;21-11-2024;2:33:20;60;433920000;0.000628201;0.0019936;0.000899009
balkon-24h-1m;21-11-2024;2:34:35;60;433920000;0.000622199;0.00195806;0.000882348
balkon-24h-1m;21-11-2024;2:35:50;60;433920000;0.00060022;0.00196264;0.000869361
balkon-24h-1m;21-11-2024;2:37:5;60;433920000;0.000581124;0.0035265;0.000892573
balkon-24h-1m;21-11-2024;2:38:20;60;433920000;0.000608923;0.00397671;0.00112029
balkon-24h-1m;21-11-2024;2:39:35;60;433920000;0.000582111;0.00252412;0.00106739
balkon-24h-1m;21-11-2024;2:40:50;60;433920000;0.000592416;0.00205281;0.000914442
balkon-24h-1m;21-11-2024;2:42:5;60;433920000;0.000575191;0.00260225;0.000938059
balkon-24h-1m;21-11-2024;2:43:20;60;433920000;0.000579191;0.00197076;0.000896844
balkon-24h-1m;21-11-2024;2:44:35;60;433920000;0.000584377;0.00226579;0.000951341
balkon-24h-1m;21-11-2024;2:45:50;60;433920000;0.000642812;0.0025216;0.00105714
balkon-24h-1m;21-11-2024;2:47:5;60;433920000;0.000638284;0.0023519;0.000991232
balkon-24h-1m;21-11-2024;2:48:20;60;433920000;0.000612193;0.00230969;0.000986962
balkon-24h-1m;21-11-2024;2:49:35;60;433920000;0.000626676;0.00227104;0.000978733
balkon-24h-1m;21-11-2024;2:50:50;60;433920000;0.000623029;0.00223542;0.000996731
balkon-24h-1m;21-11-2024;2:52:5;60;433920000;0.000685517;0.00243261;0.0010518
balkon-24h-1m;21-11-2024;2:53:20;60;433920000;0.000625733;0.00399919;0.00100994
balkon-24h-1m;21-11-2024;2:54:35;60;433920000;0.000637732;0.00266095;0.00102518
balkon-24h-1m;21-11-2024;2:55:50;60;433920000;0.000632555;0.00229367;0.00105377
balkon-24h-1m;21-11-2024;2:57:5;60;433920000;0.000645486;0.00235748;0.000994091
balkon-24h-1m;21-11-2024;2:58:20;60;433920000;0.000636245;0.00227473;0.000983325
balkon-24h-1m;21-11-2024;2:59:35;60;433920000;0.000697075;0.0187922;0.00123613
balkon-24h-1m;21-11-2024;3:0:50;60;433920000;0.000615594;0.00235941;0.00101379
balkon-24h-1m;21-11-2024;3:2:5;60;433920000;0.000636781;0.00441182;0.00103876
balkon-24h-1m;21-11-2024;3:3:20;60;433920000;0.000656706;0.00231632;0.00100421
balkon-24h-1m;21-11-2024;3:4:35;60;433920000;0.000625476;0.0023302;0.000983529
balkon-24h-1m;21-11-2024;3:5:50;60;433920000;0.000655436;0.00252503;0.00102488
balkon-24h-1m;21-11-2024;3:7:5;60;433920000;0.00062678;0.0023438;0.00102837
balkon-24h-1m;21-11-2024;3:8:20;60;433920000;0.000623672;0.00251198;0.00100927
balkon-24h-1m;21-11-2024;3:9:35;60;433920000;0.000641622;0.00240169;0.00101349
balkon-24h-1m;21-11-2024;3:10:50;60;433920000;0.000631653;0.00244859;0.00102506
balkon-24h-1m;21-11-2024;3:12:5;60;433920000;0.000638999;0.00225497;0.00101214
balkon-24h-1m;21-11-2024;3:13:20;60;433920000;0.000621877;0.00226024;0.000983304
balkon-24h-1m;21-11-2024;3:14:35;60;433920000;0.000625948;0.00232212;0.000961603
balkon-24h-1m;21-11-2024;3:15:50;60;433920000;0.000597292;0.00231501;0.00095965
balkon-24h-1m;21-11-2024;3:17:5;60;433920000;0.000631784;0.00219857;0.000962631
balkon-24h-1m;21-11-2024;3:18:20;60;433920000;0.000609245;0.00224026;0.000965166
balkon-24h-1m;21-11-2024;3:19:35;60;433920000;0.000638228;0.00230478;0.000997057
balkon-24h-1m;21-11-2024;3:20:50;60;433920000;0.000622325;0.00235859;0.00100155
balkon-24h-1m;21-11-2024;3:22:5;60;433920000;0.00065776;0.00240811;0.000983379
balkon-24h-1m;21-11-2024;3:23:20;60;433920000;0.00064785;0.00233913;0.00103262
balkon-24h-1m;21-11-2024;3:24:35;60;433920000;0.000670621;0.00234311;0.00100777
balkon-24h-1m;21-11-2024;3:25:50;60;433920000;0.000668935;0.00241292;0.00102199
balkon-24h-1m;21-11-2024;3:27:5;60;433920000;0.000663364;0.00243187;0.00102795
balkon-24h-1m;21-11-2024;3:28:20;60;433920000;0.000662995;0.00246704;0.00105433
balkon-24h-1m;21-11-2024;3:29:35;60;433920000;0.000668385;0.00236358;0.00101663
balkon-24h-1m;21-11-2024;3:30:50;60;433920000;0.00064184;0.00310762;0.0010287
balkon-24h-1m;21-11-2024;3:32:5;60;433920000;0.000654985;0.00232415;0.000997704
balkon-24h-1m;21-11-2024;3:33:20;60;433920000;0.000663131;0.00247156;0.00100772
balkon-24h-1m;21-11-2024;3:34:35;60;433920000;0.00064853;0.00243833;0.0010098
balkon-24h-1m;21-11-2024;3:35:50;60;433920000;0.000668712;0.00238566;0.00102384
balkon-24h-1m;21-11-2024;3:37:5;60;433920000;0.000673265;0.00236827;0.00100601
balkon-24h-1m;21-11-2024;3:38:20;60;433920000;0.000678464;0.00238177;0.00104337
balkon-24h-1m;21-11-2024;3:39:35;60;433920000;0.000686396;0.00241983;0.00106943
balkon-24h-1m;21-11-2024;3:40:50;60;433920000;0.000657904;0.00242129;0.00100788
balkon-24h-1m;21-11-2024;3:42:5;60;433920000;0.000675261;0.00239577;0.00103956
balkon-24h-1m;21-11-2024;3:43:20;60;433920000;0.000668292;0.00254006;0.00101353
balkon-24h-1m;21-11-2024;3:44:35;60;433920000;0.000655023;0.00235862;0.00100279
balkon-24h-1m;21-11-2024;3:45:50;60;433920000;0.000658639;0.0024097;0.00106448
balkon-24h-1m;21-11-2024;3:47:5;60;433920000;0.000647853;0.002342;0.00098349
balkon-24h-1m;21-11-2024;3:48:20;60;433920000;0.00067049;0.00251563;0.00104267
balkon-24h-1m;21-11-2024;3:49:35;60;433920000;0.00067492;0.00258207;0.00104983
balkon-24h-1m;21-11-2024;3:50:50;60;433920000;0.000684442;0.00250723;0.00107552
balkon-24h-1m;21-11-2024;3:52:5;60;433920000;0.000668221;0.00251959;0.00104737
balkon-24h-1m;21-11-2024;3:53:20;60;433920000;0.000687822;0.00252125;0.00105811
balkon-24h-1m;21-11-2024;3:54:35;60;433920000;0.000660535;0.00247976;0.00103864
balkon-24h-1m;21-11-2024;3:55:50;60;433920000;0.00067722;0.00268437;0.00104311
balkon-24h-1m;21-11-2024;3:57:5;60;433920000;0.000680493;0.0025747;0.00105777
balkon-24h-1m;21-11-2024;3:58:20;60;433920000;0.00067213;0.00252919;0.000969155
balkon-24h-1m;21-11-2024;3:59:35;60;433920000;0.000641174;0.00224145;0.000939673
balkon-24h-1m;21-11-2024;4:0:50;60;433920000;0.000621693;0.00227594;0.000951834
balkon-24h-1m;21-11-2024;4:2:5;60;433920000;0.000663644;0.0022137;0.00097113
balkon-24h-1m;21-11-2024;4:3:20;60;433920000;0.000630919;0.00219073;0.000978202
balkon-24h-1m;21-11-2024;4:4:35;60;433920000;0.000618336;0.00219708;0.00091842
balkon-24h-1m;21-11-2024;4:5:50;60;433920000;0.000631775;0.00213277;0.000927884
balkon-24h-1m;21-11-2024;4:7:5;60;433920000;0.000607937;0.00214878;0.000937327
balkon-24h-1m;21-11-2024;4:8:20;60;433920000;0.000632207;0.00222667;0.000955809
balkon-24h-1m;21-11-2024;4:9:35;60;433920000;0.000609353;0.00225097;0.000960909
balkon-24h-1m;21-11-2024;4:10:50;60;433920000;0.000608099;0.0022375;0.000937462
balkon-24h-1m;21-11-2024;4:12:5;60;433920000;0.000605112;0.0021579;0.00091971
balkon-24h-1m;21-11-2024;4:13:20;60;433920000;0.000598872;0.00214478;0.000945573
balkon-24h-1m;21-11-2024;4:14:35;60;433920000;0.000605983;0.0021393;0.000937514
balkon-24h-1m;21-11-2024;4:15:50;60;433920000;0.000575034;0.00211316;0.000926516
balkon-24h-1m;21-11-2024;4:17:5;60;433920000;0.000645609;0.00213656;0.000958052
balkon-24h-1m;21-11-2024;4:18:20;60;433920000;0.000641384;0.00231578;0.000968924
balkon-24h-1m;21-11-2024;4:19:35;60;433920000;0.000628358;0.0022333;0.000972313
balkon-24h-1m;21-11-2024;4:20:50;60;433920000;0.000638751;0.00238573;0.000979283
balkon-24h-1m;21-11-2024;4:22:5;60;433920000;0.000608555;0.00217041;0.000953483
balkon-24h-1m;21-11-2024;4:23:20;60;433920000;0.000636266;0.0022862;0.000960034
balkon-24h-1m;21-11-2024;4:24:35;60;433920000;0.000642949;0.00228472;0.000957083
balkon-24h-1m;21-11-2024;4:25:50;60;433920000;0.000618254;0.00323177;0.000963422
balkon-24h-1m;21-11-2024;4:27:5;60;433920000;0.000578195;0.00229738;0.000985092
balkon-24h-1m;21-11-2024;4:28:20;60;433920000;0.000639994;0.00223172;0.000970644
balkon-24h-1m;21-11-2024;4:29:36;60;433920000;0.000642649;0.00230548;0.000982947
balkon-24h-1m;21-11-2024;4:30:51;60;433920000;0.000655896;0.00229619;0.00099322
balkon-24h-1m;21-11-2024;4:32:6;60;433920000;0.000641542;0.00232293;0.00103509
balkon-24h-1m;21-11-2024;4:33:21;60;433920000;0.000651192;0.00227683;0.000990085
balkon-24h-1m;21-11-2024;4:34:36;60;433920000;0.000630644;0.0022748;0.000963093
balkon-24h-1m;21-11-2024;4:35:51;60;433920000;0.000648582;0.00231125;0.000987066
balkon-24h-1m;21-11-2024;4:37:6;60;433920000;0.000644129;0.00224239;0.000980584
balkon-24h-1m;21-11-2024;4:38:21;60;433920000;0.00065175;0.00222167;0.000996445
balkon-24h-1m;21-11-2024;4:39:36;60;433920000;0.00066046;0.00243282;0.00102669
balkon-24h-1m;21-11-2024;4:40:51;60;433920000;0.000669771;0.0230994;0.00145358
balkon-24h-1m;21-11-2024;4:42:6;60;433920000;0.000649074;0.0022073;0.000983031
balkon-24h-1m;21-11-2024;4:43:21;60;433920000;0.000660445;0.00228878;0.000959176
balkon-24h-1m;21-11-2024;4:44:36;60;433920000;0.000644219;0.00232323;0.000976724
balkon-24h-1m;21-11-2024;4:45:51;60;433920000;0.000638205;0.0124496;0.00152461
balkon-24h-1m;21-11-2024;4:47:6;60;433920000;0.000664915;0.00239859;0.00102179
balkon-24h-1m;21-11-2024;4:48:21;60;433920000;0.000635202;0.0026478;0.00105308
balkon-24h-1m;21-11-2024;4:49:36;60;433920000;0.000669165;0.00689302;0.00158175
balkon-24h-1m;21-11-2024;4:50:51;60;433920000;0.000676673;0.0025303;0.00106431
balkon-24h-1m;21-11-2024;4:52:6;60;433920000;0.000666306;0.00268591;0.00105665
balkon-24h-1m;21-11-2024;4:53:21;60;433920000;0.000658178;0.0024123;0.00103988
balkon-24h-1m;21-11-2024;4:54:36;60;433920000;0.000668811;0.00217143;0.000957286
balkon-24h-1m;21-11-2024;4:55:51;60;433920000;0.000646501;0.00236824;0.00101384
balkon-24h-1m;21-11-2024;4:57:6;60;433920000;0.000648855;0.0023719;0.00102223
balkon-24h-1m;21-11-2024;4:58:21;60;433920000;0.000606171;0.00230478;0.000997591
balkon-24h-1m;21-11-2024;4:59:36;60;433920000;0.000655243;0.00276742;0.00102512
balkon-24h-1m;21-11-2024;5:0:51;60;433920000;0.000655993;0.00231797;0.0010117
balkon-24h-1m;21-11-2024;5:2:6;60;433920000;0.000673982;0.00243324;0.00106033
balkon-24h-1m;21-11-2024;5:3:21;60;433920000;0.000686143;0.00233324;0.00106029
balkon-24h-1m;21-11-2024;5:4:36;60;433920000;0.000678579;0.0022984;0.00100085
balkon-24h-1m;21-11-2024;5:5:51;60;433920000;0.000669943;0.00225658;0.00103378
balkon-24h-1m;21-11-2024;5:7:6;60;433920000;0.000691651;0.00234968;0.00101075
balkon-24h-1m;21-11-2024;5:8:21;60;433920000;0.000694147;0.00235228;0.00101031
balkon-24h-1m;21-11-2024;5:9:36;60;433920000;0.000673648;0.0022894;0.00100446
balkon-24h-1m;21-11-2024;5:10:51;60;433920000;0.000660382;0.00269305;0.00103259
balkon-24h-1m;21-11-2024;5:12:6;60;433920000;0.000650928;0.00226692;0.000991955
balkon-24h-1m;21-11-2024;5:13:21;60;433920000;0.000662064;0.0168625;0.00165792
balkon-24h-1m;21-11-2024;5:14:36;60;433920000;0.000626724;0.00863495;0.00112234
balkon-24h-1m;21-11-2024;5:15:51;60;433920000;0.000661415;0.00883558;0.00125764
balkon-24h-1m;21-11-2024;5:17:6;60;433920000;0.00063758;0.00227425;0.000951302
balkon-24h-1m;21-11-2024;5:18:21;60;433920000;0.00063451;0.0021484;0.00093822
balkon-24h-1m;21-11-2024;5:19:36;60;433920000;0.000634218;0.00217236;0.000927335
balkon-24h-1m;21-11-2024;5:20:51;60;433920000;0.000639112;0.00337053;0.0011844
balkon-24h-1m;21-11-2024;5:22:6;60;433920000;0.000658169;0.00285554;0.0010016
balkon-24h-1m;21-11-2024;5:23:21;60;433920000;0.000644912;0.00221858;0.000936807
balkon-24h-1m;21-11-2024;5:24:36;60;433920000;0.000607106;0.0021676;0.000925755
balkon-24h-1m;21-11-2024;5:25:51;60;433920000;0.000623578;0.00222868;0.000963282
balkon-24h-1m;21-11-2024;5:27:6;60;433920000;0.000632967;0.00221933;0.000942481
balkon-24h-1m;21-11-2024;5:28:21;60;433920000;0.000635963;0.00223198;0.000934039
balkon-24h-1m;21-11-2024;5:29:36;60;433920000;0.000608584;0.0022658;0.000958939
balkon-24h-1m;21-11-2024;5:30:51;60;433920000;0.000651643;0.00213473;0.000948419
balkon-24h-1m;21-11-2024;5:32:6;60;433920000;0.000601878;0.00223253;0.000947981
balkon-24h-1m;21-11-2024;5:33:21;60;433920000;0.000660988;0.00443869;0.0010114
balkon-24h-1m;21-11-2024;5:34:36;60;433920000;0.000626997;0.0025084;0.000968286
balkon-24h-1m;21-11-2024;5:35:51;60;433920000;0.000645654;0.0348481;0.00170435
balkon-24h-1m;21-11-2024;5:37:6;60;433920000;0.000652812;0.0021029;0.000937715
balkon-24h-1m;21-11-2024;5:38:21;60;433920000;0.000601721;0.00206554;0.000905737
balkon-24h-1m;21-11-2024;5:39:36;60;433920000;0.000621647;0.00230866;0.000984665
balkon-24h-1m;21-11-2024;5:40:51;60;433920000;0.000628648;0.00211882;0.000910833
balkon-24h-1m;21-11-2024;5:42:6;60;433920000;0.000632521;0.00206555;0.000907652
balkon-24h-1m;21-11-2024;5:43:21;60;433920000;0.000614502;0.00221253;0.000915147
balkon-24h-1m;21-11-2024;5:44:36;60;433920000;0.000629728;0.00203125;0.000913584
balkon-24h-1m;21-11-2024;5:45:51;60;433920000;0.000639212;0.00219402;0.00096971
balkon-24h-1m;21-11-2024;5:47:6;60;433920000;0.000645305;0.00209274;0.000940916
balkon-24h-1m;21-11-2024;5:48:21;60;433920000;0.000621248;0.00211412;0.000945413
balkon-24h-1m;21-11-2024;5:49:36;60;433920000;0.000628759;0.00226834;0.000974193
balkon-24h-1m;21-11-2024;5:50:51;60;433920000;0.000649397;0.00249114;0.000978763
balkon-24h-1m;21-11-2024;5:52:6;60;433920000;0.00064692;0.00230465;0.00095646
balkon-24h-1m;21-11-2024;5:53:21;60;433920000;0.000634697;0.00219563;0.000944584
balkon-24h-1m;21-11-2024;5:54:36;60;433920000;0.000653105;0.00714967;0.00136071
balkon-24h-1m;21-11-2024;5:55:51;60;433920000;0.00063974;0.00209661;0.000951315
balkon-24h-1m;21-11-2024;5:57:6;60;433920000;0.000637264;0.00210537;0.000942586
balkon-24h-1m;21-11-2024;5:58:21;60;433920000;0.000659453;0.00213727;0.000925706
balkon-24h-1m;21-11-2024;5:59:36;60;433920000;0.000644128;0.0105445;0.00136941
balkon-24h-1m;21-11-2024;6:0:51;60;433920000;0.000656273;0.00231533;0.000993263
balkon-24h-1m;21-11-2024;6:2:6;60;433920000;0.000649886;0.00231921;0.000984812
balkon-24h-1m;21-11-2024;6:3:21;60;433920000;0.000644026;0.00235459;0.000976564
balkon-24h-1m;21-11-2024;6:4:36;60;433920000;0.00065825;0.00241795;0.00100356
balkon-24h-1m;21-11-2024;6:5:51;60;433920000;0.000644452;0.00228512;0.000996439
balkon-24h-1m;21-11-2024;6:7:6;60;433920000;0.000651581;0.0199826;0.00149029
balkon-24h-1m;21-11-2024;6:8:21;60;433920000;0.000668876;0.0174025;0.00129302
balkon-24h-1m;21-11-2024;6:9:36;60;433920000;0.000646911;0.00221417;0.000996734
balkon-24h-1m;21-11-2024;6:10:51;60;433920000;0.000662025;0.00227963;0.000998384
balkon-24h-1m;21-11-2024;6:12:6;60;433920000;0.000683512;0.00228027;0.00100857
balkon-24h-1m;21-11-2024;6:13:21;60;433920000;0.000706971;0.00231282;0.00100928
balkon-24h-1m;21-11-2024;6:14:36;60;433920000;0.000717875;0.00230204;0.00103368
balkon-24h-1m;21-11-2024;6:15:51;60;433920000;0.000732334;0.00232381;0.0010762
balkon-24h-1m;21-11-2024;6:17:6;60;433920000;0.000728134;0.0104726;0.00193163
balkon-24h-1m;21-11-2024;6:18:21;60;433920000;0.000733155;0.0703172;0.00611541
balkon-24h-1m;21-11-2024;6:19:36;60;433920000;0.000698976;0.00225058;0.00100789
balkon-24h-1m;21-11-2024;6:20:51;60;433920000;0.000696018;0.00228614;0.00103386
balkon-24h-1m;21-11-2024;6:22:6;60;433920000;0.000682071;0.00618477;0.00118472
balkon-24h-1m;21-11-2024;6:23:21;60;433920000;0.00068081;0.00377397;0.00104013
balkon-24h-1m;21-11-2024;6:24:36;60;433920000;0.000682841;0.00286774;0.00106987
balkon-24h-1m;21-11-2024;6:25:51;60;433920000;0.00068713;0.00232931;0.00103562
balkon-24h-1m;21-11-2024;6:27:6;60;433920000;0.000708484;0.0602275;0.00314309
balkon-24h-1m;21-11-2024;6:28:21;60;433920000;0.000658488;0.00599996;0.00113358
balkon-24h-1m;21-11-2024;6:29:36;60;433920000;0.000668228;0.00241904;0.000998541
balkon-24h-1m;21-11-2024;6:30:51;60;433920000;0.000659691;0.00226535;0.00101124
balkon-24h-1m;21-11-2024;6:32:6;60;433920000;0.000639138;0.00221016;0.000980571
balkon-24h-1m;21-11-2024;6:33:21;60;433920000;0.000666422;0.00222331;0.00100743
balkon-24h-1m;21-11-2024;6:34:36;60;433920000;0.000697162;0.00223117;0.00100775
balkon-24h-1m;21-11-2024;6:35:51;60;433920000;0.000648182;0.00220769;0.000977469
balkon-24h-1m;21-11-2024;6:37:6;60;433920000;0.00065265;0.00222641;0.000982491
balkon-24h-1m;21-11-2024;6:38:21;60;433920000;0.000655892;0.00235673;0.000984752
balkon-24h-1m;21-11-2024;6:39:36;60;433920000;0.000663729;0.00224291;0.000996301
balkon-24h-1m;21-11-2024;6:40:51;60;433920000;0.000667446;0.0021941;0.000996473
balkon-24h-1m;21-11-2024;6:42:6;60;433920000;0.000685001;0.00224019;0.000983426
balkon-24h-1m;21-11-2024;6:43:21;60;433920000;0.000656336;0.00221069;0.00100037
balkon-24h-1m;21-11-2024;6:44:37;60;433920000;0.000666964;0.00215979;0.000970677
balkon-24h-1m;21-11-2024;6:45:52;60;433920000;0.000658835;0.00216079;0.0010019
balkon-24h-1m;21-11-2024;6:47:7;60;433920000;0.000649708;0.00513264;0.00110932
balkon-24h-1m;21-11-2024;6:48:22;60;433920000;0.000661586;0.00213439;0.000974887
balkon-24h-1m;21-11-2024;6:49:37;60;433920000;0.000661799;0.00227048;0.00103099
balkon-24h-1m;21-11-2024;6:50:52;60;433920000;0.00070322;0.00216319;0.00102084
balkon-24h-1m;21-11-2024;6:52:7;60;433920000;0.000704668;0.0022441;0.00100096
balkon-24h-1m;21-11-2024;6:53:22;60;433920000;0.000696384;0.00234171;0.00100918
balkon-24h-1m;21-11-2024;6:54:37;60;433920000;0.000667456;0.00217811;0.000985633
balkon-24h-1m;21-11-2024;6:55:52;60;433920000;0.000673108;0.0208287;0.00185095
balkon-24h-1m;21-11-2024;6:57:7;60;433920000;0.000653095;0.00207526;0.00095131
balkon-24h-1m;21-11-2024;6:58:22;60;433920000;0.0006749;0.00216751;0.000991681
balkon-24h-1m;21-11-2024;6:59:37;60;433920000;0.000658506;0.00234559;0.00101399
balkon-24h-1m;21-11-2024;7:0:52;60;433920000;0.000701;0.00211852;0.000977743
balkon-24h-1m;21-11-2024;7:2:7;60;433920000;0.000660353;0.00241571;0.000999713
balkon-24h-1m;21-11-2024;7:3:22;60;433920000;0.00066259;0.00283254;0.00104643
balkon-24h-1m;21-11-2024;7:4:37;60;433920000;0.000726827;0.00262334;0.00140763
balkon-24h-1m;21-11-2024;7:5:52;60;433920000;0.00102134;0.00287199;0.00141985
balkon-24h-1m;21-11-2024;7:7:7;60;433920000;0.00105502;0.00253061;0.00139134
balkon-24h-1m;21-11-2024;7:8:22;60;433920000;0.00100783;0.00630202;0.00148685
balkon-24h-1m;21-11-2024;7:9:37;60;433920000;0.00108443;0.00768245;0.00147963
balkon-24h-1m;21-11-2024;7:10:52;60;433920000;0.000984394;0.00379781;0.00145133
balkon-24h-1m;21-11-2024;7:12:7;60;433920000;0.000962733;0.00252227;0.0013394
balkon-24h-1m;21-11-2024;7:13:22;60;433920000;0.000951021;0.00844816;0.00163493
balkon-24h-1m;21-11-2024;7:14:37;60;433920000;0.000972677;0.00261474;0.00130983
balkon-24h-1m;21-11-2024;7:15:52;60;433920000;0.000956429;0.00263305;0.00131745
balkon-24h-1m;21-11-2024;7:17:7;60;433920000;0.000890256;0.00262914;0.0012547
balkon-24h-1m;21-11-2024;7:18:22;60;433920000;0.00087852;0.0025697;0.00123191
balkon-24h-1m;21-11-2024;7:19:37;60;433920000;0.000890341;0.00235756;0.00119973
balkon-24h-1m;21-11-2024;7:20:52;60;433920000;0.000877528;0.00263908;0.00123101
balkon-24h-1m;21-11-2024;7:22:7;60;433920000;0.000830465;0.00243792;0.00125496
balkon-24h-1m;21-11-2024;7:23:22;60;433920000;0.000778372;0.00231141;0.00114507
balkon-24h-1m;21-11-2024;7:24:37;60;433920000;0.000758698;0.00240097;0.00115585
balkon-24h-1m;21-11-2024;7:25:52;60;433920000;0.000811498;0.00234089;0.00111529
balkon-24h-1m;21-11-2024;7:27:7;60;433920000;0.000770143;0.0023546;0.00112352
balkon-24h-1m;21-11-2024;7:28:22;60;433920000;0.000785575;0.00223537;0.00112812
balkon-24h-1m;21-11-2024;7:29:37;60;433920000;0.000845839;0.00245814;0.00121964
balkon-24h-1m;21-11-2024;7:30:52;60;433920000;0.000848288;0.00244363;0.00123816
balkon-24h-1m;21-11-2024;7:32:7;60;433920000;0.000831909;0.00249655;0.00123619
balkon-24h-1m;21-11-2024;7:33:22;60;433920000;0.000887906;0.00253501;0.00122146
balkon-24h-1m;21-11-2024;7:34:37;60;433920000;0.000810727;0.00244506;0.00120306
balkon-24h-1m;21-11-2024;7:35:52;60;433920000;0.000824717;0.00283059;0.00125303
balkon-24h-1m;21-11-2024;7:37:7;60;433920000;0.000858196;0.00255946;0.00125408
balkon-24h-1m;21-11-2024;7:38:22;60;433920000;0.00086149;0.00251813;0.00127958
balkon-24h-1m;21-11-2024;7:39:37;60;433920000;0.000856733;0.00250578;0.00127944
balkon-24h-1m;21-11-2024;7:40:52;60;433920000;0.00086134;0.00246853;0.00121585
balkon-24h-1m;21-11-2024;7:42:7;60;433920000;0.000843118;0.0023234;0.00118348
balkon-24h-1m;21-11-2024;7:43:22;60;433920000;0.000826945;0.00229703;0.00118595
balkon-24h-1m;21-11-2024;7:44:37;60;433920000;0.000855819;0.00236537;0.00118932
balkon-24h-1m;21-11-2024;7:45:52;60;433920000;0.000826182;0.00257138;0.00118806
balkon-24h-1m;21-11-2024;7:47:7;60;433920000;0.00086231;0.00239888;0.00121075
balkon-24h-1m;21-11-2024;7:48:22;60;433920000;0.000849069;0.00270935;0.00121896
balkon-24h-1m;21-11-2024;7:49:37;60;433920000;0.000851506;0.00265191;0.00122533
balkon-24h-1m;21-11-2024;7:50:52;60;433920000;0.000870306;0.00276301;0.00123034
balkon-24h-1m;21-11-2024;7:52:7;60;433920000;0.000843121;0.00248177;0.00127141
balkon-24h-1m;21-11-2024;7:53:22;60;433920000;0.000891517;0.00245518;0.00125754
balkon-24h-1m;21-11-2024;7:54:37;60;433920000;0.000906731;0.00260981;0.00124686
balkon-24h-1m;21-11-2024;7:55:52;60;433920000;0.000953849;0.002471;0.00125775
balkon-24h-1m;21-11-2024;7:57:7;60;433920000;0.00087606;0.0024183;0.00126487
balkon-24h-1m;21-11-2024;7:58:22;60;433920000;0.000922186;0.00241704;0.00123482
balkon-24h-1m;21-11-2024;7:59:37;60;433920000;0.000837846;0.00248491;0.001247
balkon-24h-1m;21-11-2024;8:0:52;60;433920000;0.000854146;0.00407689;0.00125571
balkon-24h-1m;21-11-2024;8:2:7;60;433920000;0.000891158;0.0023695;0.00118177
balkon-24h-1m;21-11-2024;8:3:22;60;433920000;0.000865389;0.00250819;0.00118043
balkon-24h-1m;21-11-2024;8:4:37;60;433920000;0.000855402;0.00240136;0.00122968
balkon-24h-1m;21-11-2024;8:5:52;60;433920000;0.000859874;0.00235826;0.00120239
balkon-24h-1m;21-11-2024;8:7:7;60;433920000;0.000840051;0.0101046;0.00122924
balkon-24h-1m;21-11-2024;8:8:22;60;433920000;0.000837007;0.00224841;0.00117672
balkon-24h-1m;21-11-2024;8:9:37;60;433920000;0.000848215;0.00239392;0.00128879
balkon-24h-1m;21-11-2024;8:10:52;60;433920000;0.000890451;0.0025704;0.00137727
balkon-24h-1m;21-11-2024;8:12:7;60;433920000;0.000788973;0.00240767;0.00120301
balkon-24h-1m;21-11-2024;8:13:22;60;433920000;0.000822552;0.0024093;0.00117879
balkon-24h-1m;21-11-2024;8:14:37;60;433920000;0.000751615;0.00247324;0.00122924
balkon-24h-1m;21-11-2024;8:15:52;60;433920000;0.000795505;0.00232838;0.00113109
balkon-24h-1m;21-11-2024;8:17:7;60;433920000;0.00085137;0.00231453;0.00117599
balkon-24h-1m;21-11-2024;8:18:22;60;433920000;0.000881691;0.0044318;0.00123125
balkon-24h-1m;21-11-2024;8:19:37;60;433920000;0.000787122;0.00235943;0.00113545
balkon-24h-1m;21-11-2024;8:20:52;60;433920000;0.000819598;0.00221638;0.00116222
balkon-24h-1m;21-11-2024;8:22:7;60;433920000;0.000744955;0.00251447;0.00110668
balkon-24h-1m;21-11-2024;8:23:22;60;433920000;0.000824294;0.00218915;0.0011086
balkon-24h-1m;21-11-2024;8:24:37;60;433920000;0.000775853;0.00239819;0.00111569
balkon-24h-1m;21-11-2024;8:25:52;60;433920000;0.0007836;0.0023685;0.0010785
balkon-24h-1m;21-11-2024;8:27:7;60;433920000;0.000760321;0.00209243;0.0010754
balkon-24h-1m;21-11-2024;8:28:22;60;433920000;0.000889378;0.00224431;0.00116525
balkon-24h-1m;21-11-2024;8:29:37;60;433920000;0.0008471;0.00226483;0.00115343
balkon-24h-1m;21-11-2024;8:30:52;60;433920000;0.000775852;0.0021297;0.00108342
balkon-24h-1m;21-11-2024;8:32:7;60;433920000;0.000875069;0.00225323;0.00112225
balkon-24h-1m;21-11-2024;8:33:22;60;433920000;0.000828443;0.00228495;0.00114612
balkon-24h-1m;21-11-2024;8:34:37;60;433920000;0.000838284;0.00222;0.00113412
balkon-24h-1m;21-11-2024;8:35:52;60;433920000;0.000831737;0.00224493;0.00114081
balkon-24h-1m;21-11-2024;8:37:7;60;433920000;0.000837751;0.00231015;0.00115762
balkon-24h-1m;21-11-2024;8:38:22;60;433920000;0.00084551;0.00209738;0.00114651
balkon-24h-1m;21-11-2024;8:39:37;60;433920000;0.000831159;0.00220202;0.00116173
balkon-24h-1m;21-11-2024;8:40:52;60;433920000;0.000777359;0.00205219;0.00108582
balkon-24h-1m;21-11-2024;8:42:7;60;433920000;0.000833328;0.00215971;0.00114868
balkon-24h-1m;21-11-2024;8:43:22;60;433920000;0.000906464;0.00956597;0.00419137
balkon-24h-1m;21-11-2024;8:44:37;60;433920000;0.00360115;0.0105891;0.00742634
balkon-24h-1m;21-11-2024;8:45:52;60;433920000;0.00332558;0.0100366;0.0057772
balkon-24h-1m;21-11-2024;8:47:7;60;433920000;0.00306294;0.00881533;0.00432768
balkon-24h-1m;21-11-2024;8:48:22;60;433920000;0.00301391;0.00919643;0.00531764
balkon-24h-1m;21-11-2024;8:49:37;60;433920000;0.00311146;0.0100449;0.00582899
balkon-24h-1m;21-11-2024;8:50:52;60;433920000;0.00276112;0.00877857;0.0045265
balkon-24h-1m;21-11-2024;8:52:7;60;433920000;0.00262851;0.00892399;0.00437196
balkon-24h-1m;21-11-2024;8:53:22;60;433920000;0.00287508;0.00845899;0.00436829
balkon-24h-1m;21-11-2024;8:54:37;60;433920000;0.00295201;0.00904399;0.00495482
balkon-24h-1m;21-11-2024;8:55:52;60;433920000;0.00311922;0.00919466;0.00596029
balkon-24h-1m;21-11-2024;8:57:7;60;433920000;0.00354705;0.00890365;0.00716789
balkon-24h-1m;21-11-2024;8:58:22;60;433920000;0.00279554;0.00871096;0.00465956
balkon-24h-1m;21-11-2024;8:59:37;60;433920000;0.00272688;0.00928441;0.00418125
balkon-24h-1m;21-11-2024;9:0:52;60;433920000;0.00254916;0.00869107;0.00389539
balkon-24h-1m;21-11-2024;9:2:7;60;433920000;0.00277177;0.00853904;0.00396094
balkon-24h-1m;21-11-2024;9:3:23;60;433920000;0.00272783;0.00716371;0.00363373
balkon-24h-1m;21-11-2024;9:4:38;60;433920000;0.00259219;0.00713734;0.00353704
balkon-24h-1m;21-11-2024;9:5:53;60;433920000;0.00272842;0.00746143;0.00359498
balkon-24h-1m;21-11-2024;9:7:8;60;433920000;0.00200305;0.00627485;0.00292488
balkon-24h-1m;21-11-2024;9:8:23;60;433920000;0.00205392;0.00701526;0.00353845
balkon-24h-1m;21-11-2024;9:9:38;60;433920000;0.00263324;0.00744907;0.00379854
balkon-24h-1m;21-11-2024;9:10:53;60;433920000;0.00186043;0.0160255;0.00326459
balkon-24h-1m;21-11-2024;9:12:8;60;433920000;0.00160473;0.00808399;0.00368144
balkon-24h-1m;21-11-2024;9:13:23;60;433920000;0.00335348;0.00860545;0.00450587
balkon-24h-1m;21-11-2024;9:14:38;60;433920000;0.003361;0.00960124;0.00449794
balkon-24h-1m;21-11-2024;9:15:53;60;433920000;0.00349138;0.00797747;0.00443462
balkon-24h-1m;21-11-2024;9:17:8;60;433920000;0.00265925;0.00889481;0.0043438
balkon-24h-1m;21-11-2024;9:18:23;60;433920000;0.000602605;0.00789672;0.00109317
balkon-24h-1m;21-11-2024;9:19:38;60;433920000;0.000623888;0.00207717;0.000939314
balkon-24h-1m;21-11-2024;9:20:53;60;433920000;0.000592723;0.00205284;0.000924674
balkon-24h-1m;21-11-2024;9:22:8;60;433920000;0.000577039;0.00190371;0.000849498
balkon-24h-1m;21-11-2024;9:23:23;60;433920000;0.000577329;0.00220049;0.000872735
balkon-24h-1m;21-11-2024;9:24:38;60;433920000;0.000586022;0.00175918;0.000885585
balkon-24h-1m;21-11-2024;9:25:53;60;433920000;0.000596182;0.00173836;0.000881367
balkon-24h-1m;21-11-2024;9:27:8;60;433920000;0.000618445;0.00179338;0.000873529
balkon-24h-1m;21-11-2024;9:28:23;60;433920000;0.00058032;0.00193696;0.000855577
balkon-24h-1m;21-11-2024;9:29:38;60;433920000;0.000605213;0.00183578;0.000860693
balkon-24h-1m;21-11-2024;9:30:53;60;433920000;0.000548502;0.00185054;0.000851893
balkon-24h-1m;21-11-2024;9:32:8;60;433920000;0.000584807;0.00179954;0.000843066
balkon-24h-1m;21-11-2024;9:33:23;60;433920000;0.000573578;0.00194746;0.000863396
balkon-24h-1m;21-11-2024;9:34:38;60;433920000;0.000493852;0.00174819;0.000820044
balkon-24h-1m;21-11-2024;9:35:53;60;433920000;0.000569544;0.00167619;0.000842461
balkon-24h-1m;21-11-2024;9:37:8;60;433920000;0.000607252;0.00167739;0.000886671
balkon-24h-1m;21-11-2024;9:38:23;60;433920000;0.000574269;0.00176629;0.000848859
